
INSERT INTO Produtos (id, nome_produto, categoria_produto) VALUES
(1,'Produto1',4),
(2,'Produto2',3),
(3,'Produto3',3),
(4,'Produto4',2),
(5,'Produto5',2),
(6,'Produto6',1),
(7,'Produto7',2),
(8,'Produto8',1),
(9,'Produto9',4),
(10,'Produto10',1),
(11,'Produto11',4),
(12,'Produto12',3),
(13,'Produto13',3),
(14,'Produto14',2),
(15,'Produto15',1),
(16,'Produto16',1),
(17,'Produto17',5),
(18,'Produto18',2),
(19,'Produto19',1),
(20,'Produto20',1);


INSERT INTO estoque_produtos (id,data_entrada,data_saida, qtde_inicial,qtde_entrada, qtde_saida, id_produto) VALUES
(1,'2014-08-09','2023-01-15',5,49,9,6),
(2,'2017-08-14','2020-01-07',23,46,7,12),
(3,'2017-01-07','2017-09-02',30,41,22,10),
(4,'2018-01-29','2023-01-10',6,29,8,13),
(5,'2017-10-10','2019-04-07',7,42,13,20),
(6,'2020-02-15','2022-03-17',16,53,2,11),
(7,'2017-10-27','2018-12-07',22,53,12,18),
(8,'2017-05-17','2023-09-07',18,44,8,4),
(9,'2015-12-03','2023-08-31',11,46,22,3),
(10,'2014-11-04','2015-02-22',14,25,6,11),
(11,'2016-08-20','2020-12-09',2,34,19,12),
(12,'2019-08-25','2022-05-11',21,27,13,1),
(13,'2016-11-11','2018-12-11',29,28,4,12),
(14,'2015-04-26','2019-02-18',1,39,21,2),
(15,'2015-04-21','2016-07-05',13,48,7,6),
(16,'2022-06-30','2023-07-03',8,40,13,16),
(17,'2022-07-27','2023-10-02',2,37,23,12),
(18,'2022-03-01','2023-11-26',18,29,4,10),
(19,'2015-02-05','2017-06-08',5,49,2,6),
(20,'2021-04-25','2021-07-12',26,44,12,2),
(21,'2020-09-08','2021-08-14',22,44,9,19),
(22,'2016-08-15','2019-07-09',28,46,16,11),
(23,'2021-02-07','2021-08-04',23,41,12,14),
(24,'2018-04-23','2021-09-12',4,46,4,6),
(25,'2018-04-20','2021-10-02',15,55,1,1),
(26,'2014-02-16','2022-10-02',18,55,6,2),
(27,'2016-02-03','2018-05-22',8,29,8,15),
(28,'2014-07-13','2022-07-17',26,51,1,16),
(29,'2018-08-10','2020-05-06',2,34,10,5),
(30,'2018-01-13','2018-10-23',11,51,7,15),
(31,'2020-11-09','2021-02-23',3,50,4,12),
(32,'2014-10-13','2021-06-22',1,38,3,1),
(33,'2014-08-14','2019-08-31',25,46,12,10),
(34,'2019-10-25','2020-09-23',1,50,23,2),
(35,'2017-07-14','2020-04-03',18,52,6,9),
(36,'2017-06-11','2020-03-03',2,35,24,11),
(37,'2019-05-17','2023-05-03',2,52,19,8),
(38,'2014-03-27','2023-02-27',15,53,20,17),
(39,'2016-04-27','2016-09-24',24,26,19,14),
(40,'2019-06-12','2023-10-20',13,54,22,8),
(41,'2015-03-28','2021-10-05',4,50,4,2),
(42,'2015-11-27','2022-12-04',27,34,7,13),
(43,'2016-07-06','2023-12-31',27,25,12,9),
(44,'2020-06-13','2021-03-08',19,50,19,2),
(45,'2016-11-03','2023-03-22',29,47,21,5),
(46,'2015-06-24','2017-12-08',17,28,23,14),
(47,'2015-01-04','2020-04-03',18,40,18,15),
(48,'2016-01-17','2019-11-17',23,29,9,7),
(49,'2015-07-15','2021-03-16',30,43,14,2),
(50,'2015-07-25','2018-08-27',15,48,14,9),
(51,'2016-07-05','2023-02-08',1,37,15,16),
(52,'2017-02-10','2020-07-07',3,50,11,17),
(53,'2017-11-06','2021-06-18',3,45,4,5),
(54,'2017-02-14','2018-12-20',7,43,23,14),
(55,'2014-01-10','2020-07-26',9,36,7,5),
(56,'2014-11-17','2020-02-23',23,48,14,20),
(57,'2019-09-06','2021-04-21',2,28,5,19),
(58,'2014-07-08','2022-05-02',3,55,17,8),
(59,'2021-07-30','2023-03-03',30,55,5,17),
(60,'2015-11-26','2021-08-16',7,46,19,14),
(61,'2018-04-21','2019-08-14',30,35,1,16),
(62,'2014-01-08','2017-01-14',21,55,8,1),
(63,'2023-05-26','2023-08-11',20,49,23,1),
(64,'2018-04-11','2018-11-08',14,26,3,2),
(65,'2021-10-11','2022-12-20',30,29,1,12),
(66,'2014-12-12','2021-07-14',7,31,10,12),
(67,'2016-05-10','2019-12-21',27,52,6,10),
(68,'2017-12-07','2021-06-23',29,44,1,16),
(69,'2018-12-18','2023-07-24',30,26,22,8),
(70,'2017-03-09','2019-01-25',26,32,12,12),
(71,'2014-06-17','2022-01-27',29,48,16,11),
(72,'2015-12-12','2017-08-15',3,50,21,7),
(73,'2015-05-16','2019-06-25',7,50,13,14),
(74,'2016-04-13','2023-07-26',12,26,13,18),
(75,'2023-03-13','2023-12-13',7,44,7,16),
(76,'2015-11-07','2017-07-05',25,55,10,19),
(77,'2014-10-25','2016-05-30',6,46,24,10),
(78,'2016-02-15','2022-03-22',30,25,4,19),
(79,'2014-07-03','2016-05-16',9,31,11,5),
(80,'2014-07-05','2020-11-30',19,43,14,9),
(81,'2016-06-30','2019-08-06',14,32,21,20),
(82,'2019-10-28','2021-01-11',22,40,10,19),
(83,'2015-08-19','2021-07-31',29,32,12,9),
(84,'2022-08-15','2023-05-15',10,44,19,2),
(85,'2019-06-30','2021-08-01',10,39,21,14),
(86,'2019-03-12','2020-04-03',17,40,11,8),
(87,'2017-08-04','2018-09-23',19,29,4,17),
(88,'2014-08-12','2021-11-22',8,28,13,6),
(89,'2016-04-15','2022-01-16',8,48,3,2),
(90,'2015-02-27','2018-09-15',12,30,18,6),
(91,'2020-10-13','2022-01-31',11,36,23,14),
(92,'2016-04-25','2020-04-18',27,35,15,1),
(93,'2016-05-04','2022-10-07',27,52,14,19),
(94,'2014-11-04','2017-03-10',22,39,13,19),
(95,'2014-08-20','2019-06-09',25,40,4,11),
(96,'2018-04-24','2020-10-14',1,44,17,1),
(97,'2015-07-10','2022-08-26',13,53,6,17),
(98,'2017-10-15','2021-03-29',28,41,7,4),
(99,'2016-03-22','2020-11-17',1,25,2,3),
(100,'2018-06-20','2022-05-21',8,46,11,5),
(101,'2018-04-29','2021-01-21',16,33,12,16),
(102,'2015-10-30','2021-04-23',12,48,4,15),
(103,'2020-04-08','2020-11-23',9,50,1,8),
(104,'2017-04-16','2019-07-09',3,32,24,13),
(105,'2018-01-20','2020-08-27',2,41,5,3),
(106,'2016-08-27','2018-11-18',26,37,9,17),
(107,'2014-07-22','2016-01-02',7,43,10,18),
(108,'2021-02-20','2023-01-17',24,46,7,11),
(109,'2013-12-21','2023-10-06',3,38,14,16),
(110,'2020-11-04','2022-03-09',27,36,13,3),
(111,'2021-11-01','2023-05-18',26,48,14,4),
(112,'2014-07-22','2019-08-22',7,28,19,15),
(113,'2023-02-09','2023-11-05',26,55,6,15),
(114,'2018-05-18','2020-04-22',20,44,1,9),
(115,'2019-10-17','2021-07-02',11,43,24,14),
(116,'2018-03-06','2023-04-18',29,50,2,13),
(117,'2021-12-13','2023-11-08',22,30,1,2),
(118,'2019-04-27','2019-06-16',28,54,4,8),
(119,'2016-11-20','2022-02-24',25,53,7,2),
(120,'2018-07-03','2019-08-23',2,30,10,5),
(121,'2022-02-21','2022-10-07',10,26,8,12),
(122,'2014-08-20','2023-11-22',28,44,1,20),
(123,'2019-11-10','2020-08-01',30,34,24,10),
(124,'2020-02-10','2021-07-25',21,38,3,13),
(125,'2014-01-20','2018-07-22',23,54,22,2),
(126,'2020-06-12','2022-03-21',16,45,9,2),
(127,'2022-09-14','2022-12-31',29,27,6,7),
(128,'2021-05-11','2023-12-02',22,43,14,3),
(129,'2016-08-19','2022-01-28',14,27,17,1),
(130,'2016-02-23','2022-07-07',15,31,17,16),
(131,'2021-11-09','2022-05-12',27,38,15,7),
(132,'2016-06-03','2016-09-08',26,47,4,15),
(133,'2017-07-20','2022-09-16',22,53,7,18),
(134,'2020-09-09','2023-04-01',17,29,22,7),
(135,'2018-05-17','2018-08-29',13,50,18,18),
(136,'2014-07-10','2016-10-21',25,28,12,1),
(137,'2016-03-16','2020-12-20',6,34,10,19),
(138,'2017-11-22','2023-09-04',1,42,21,19),
(139,'2020-02-08','2022-01-05',18,30,23,20),
(140,'2019-05-29','2022-02-05',5,52,6,12),
(141,'2016-10-28','2018-09-11',11,31,9,7),
(142,'2020-04-30','2023-11-14',9,34,19,4),
(143,'2016-02-26','2019-03-31',3,45,20,10),
(144,'2017-06-18','2023-08-27',20,41,14,10),
(145,'2020-12-31','2021-01-06',17,31,9,13),
(146,'2016-03-22','2020-04-01',5,41,21,17),
(147,'2016-07-22','2022-07-15',27,53,18,8),
(148,'2020-03-12','2021-03-05',12,46,15,10),
(149,'2016-11-27','2022-04-05',13,51,5,1),
(150,'2018-12-24','2019-06-04',30,48,13,1),
(151,'2014-01-05','2015-08-03',9,38,4,11),
(152,'2014-10-17','2018-07-06',24,38,3,19),
(153,'2014-05-17','2023-01-13',12,25,6,3),
(154,'2014-12-13','2022-02-23',9,30,10,7),
(155,'2016-09-28','2022-04-20',30,54,6,10),
(156,'2016-08-30','2023-01-01',15,34,3,17),
(157,'2015-01-31','2023-02-13',16,52,22,14),
(158,'2018-02-20','2023-06-15',22,29,24,3),
(159,'2014-10-14','2018-11-27',2,43,1,4),
(160,'2016-03-31','2022-07-25',27,53,16,9),
(161,'2020-02-07','2020-04-06',20,29,13,6),
(162,'2022-01-27','2022-04-18',6,49,3,8),
(163,'2015-01-31','2016-01-11',4,43,1,15),
(164,'2014-06-25','2018-11-17',9,39,14,3),
(165,'2014-09-11','2018-02-17',24,31,24,1),
(166,'2021-03-28','2022-04-06',16,29,14,14),
(167,'2014-11-11','2019-12-29',9,49,22,4),
(168,'2014-07-01','2023-12-09',25,35,4,12),
(169,'2014-09-16','2017-08-08',8,47,22,8),
(170,'2015-11-18','2023-08-06',24,34,20,6),
(171,'2014-09-11','2016-06-08',14,49,6,9),
(172,'2017-05-12','2018-03-25',10,43,18,8),
(173,'2016-08-20','2017-05-20',17,43,22,20),
(174,'2019-01-24','2023-07-14',14,35,18,10),
(175,'2014-03-02','2016-01-22',29,36,24,16),
(176,'2015-11-27','2016-08-13',3,49,7,15),
(177,'2015-12-11','2023-07-16',2,37,12,3),
(178,'2019-11-06','2023-06-16',14,49,11,17),
(179,'2014-04-02','2017-09-01',12,27,4,6),
(180,'2014-07-18','2022-10-15',30,34,18,19),
(181,'2016-01-14','2018-12-17',19,48,5,1),
(182,'2014-04-05','2015-02-26',11,31,1,20),
(183,'2020-03-26','2020-12-19',24,30,6,12),
(184,'2015-04-28','2016-11-12',25,50,11,2),
(185,'2017-04-04','2018-04-23',5,48,23,19),
(186,'2014-03-23','2017-01-25',13,34,8,2),
(187,'2018-07-20','2019-06-16',12,33,23,2),
(188,'2018-05-16','2021-05-28',8,40,5,9),
(189,'2015-08-12','2020-04-26',22,25,8,18),
(190,'2015-11-07','2017-02-03',10,53,9,16),
(191,'2016-03-16','2021-12-23',8,37,17,11),
(192,'2019-08-08','2022-01-02',26,27,16,4),
(193,'2018-09-28','2023-08-17',17,55,9,9),
(194,'2022-04-01','2023-07-20',7,37,12,16),
(195,'2018-03-06','2019-11-20',19,36,18,20),
(196,'2014-10-01','2015-09-14',4,27,5,10),
(197,'2015-01-04','2021-02-23',5,52,13,2),
(198,'2019-05-23','2019-10-07',22,26,17,20),
(199,'2014-11-13','2016-05-28',17,37,21,15),
(200,'2015-10-27','2022-04-02',25,53,22,10),
(201,'2014-01-28','2020-12-24',6,26,11,14),
(202,'2014-12-24','2017-08-25',21,52,16,13),
(203,'2015-04-04','2023-05-30',5,31,21,7),
(204,'2016-06-11','2017-07-08',17,44,24,13),
(205,'2019-10-02','2021-02-01',12,44,22,8),
(206,'2016-10-16','2021-04-24',21,53,5,2),
(207,'2019-06-20','2021-05-11',7,35,23,8),
(208,'2014-09-16','2016-04-04',30,47,20,16),
(209,'2021-01-27','2023-12-21',26,40,4,15),
(210,'2015-11-11','2016-04-04',26,53,10,20),
(211,'2014-08-04','2016-11-13',24,32,8,7),
(212,'2017-06-26','2021-11-21',13,38,20,10),
(213,'2014-02-25','2023-04-04',26,35,7,3),
(214,'2017-03-08','2018-01-31',25,38,7,10),
(215,'2016-08-30','2017-10-04',23,49,10,12),
(216,'2017-07-25','2023-11-26',27,37,19,12),
(217,'2016-05-27','2016-07-18',6,40,17,18),
(218,'2015-04-30','2018-12-02',2,49,7,20),
(219,'2017-02-09','2017-11-10',1,51,11,16),
(220,'2016-02-14','2019-05-09',4,37,9,9),
(221,'2018-11-24','2022-09-04',12,27,22,10),
(222,'2015-12-30','2020-07-24',5,40,15,16),
(223,'2014-08-14','2021-06-05',2,30,12,17),
(224,'2018-04-11','2019-07-29',13,45,10,11),
(225,'2017-01-13','2023-10-12',17,39,13,9),
(226,'2021-03-19','2022-07-10',28,55,16,5),
(227,'2016-04-24','2020-07-17',11,44,9,8),
(228,'2016-11-10','2020-08-25',19,53,17,10),
(229,'2019-07-24','2022-02-17',27,30,4,3),
(230,'2018-03-28','2018-06-21',1,41,9,1),
(231,'2014-08-22','2015-06-07',2,49,14,17),
(232,'2019-10-18','2023-12-18',1,44,13,2),
(233,'2016-05-01','2019-08-04',14,31,24,15),
(234,'2014-11-09','2016-10-09',5,43,16,17),
(235,'2019-10-22','2023-07-23',28,35,14,14),
(236,'2020-04-30','2021-12-03',25,25,22,18),
(237,'2019-06-27','2020-03-27',9,33,20,17),
(238,'2015-03-07','2019-12-13',22,55,9,3),
(239,'2015-08-03','2022-11-22',24,43,23,19),
(240,'2015-10-23','2023-10-13',9,26,15,2),
(241,'2020-06-10','2021-05-01',6,34,16,18),
(242,'2017-07-18','2022-03-28',10,45,13,4),
(243,'2020-02-16','2021-05-08',1,49,20,20),
(244,'2017-04-03','2018-03-19',9,46,11,5),
(245,'2014-01-23','2020-11-11',1,54,10,8),
(246,'2019-01-20','2023-03-03',23,42,21,7),
(247,'2016-12-23','2022-01-25',9,29,15,14),
(248,'2016-05-13','2022-03-02',2,47,8,6),
(249,'2014-10-26','2018-10-03',29,43,3,5),
(250,'2014-12-22','2021-02-19',27,28,22,6),
(251,'2018-12-19','2020-10-25',10,31,17,17),
(252,'2016-10-05','2020-08-14',8,35,4,10),
(253,'2015-02-02','2021-04-05',13,47,24,17),
(254,'2017-11-19','2020-01-09',18,30,18,18),
(255,'2014-01-23','2021-09-11',6,41,16,16),
(256,'2020-03-27','2022-09-09',1,49,24,7),
(257,'2016-11-28','2018-11-21',21,50,4,9),
(258,'2020-10-16','2022-03-10',7,40,4,16),
(259,'2019-09-14','2021-03-11',17,32,9,20),
(260,'2017-03-20','2019-02-19',10,55,19,19),
(261,'2019-08-26','2020-05-28',20,46,6,2),
(262,'2016-06-26','2019-09-03',26,55,24,11),
(263,'2014-10-08','2018-11-04',30,34,7,7),
(264,'2014-12-21','2021-07-14',9,38,10,10),
(265,'2014-02-01','2019-06-23',21,38,18,7),
(266,'2014-03-13','2023-08-24',9,28,18,18),
(267,'2015-03-14','2015-11-28',11,55,17,6),
(268,'2016-04-19','2018-01-22',2,41,12,17),
(269,'2014-10-12','2018-10-24',14,40,8,1),
(270,'2015-11-12','2016-09-14',23,30,7,7),
(271,'2015-04-13','2021-07-15',18,39,21,5),
(272,'2019-01-07','2021-03-24',21,41,18,5),
(273,'2016-01-01','2019-09-14',1,48,19,12),
(274,'2014-12-31','2023-07-13',5,25,18,13),
(275,'2014-12-09','2023-07-04',27,37,8,20),
(276,'2015-02-22','2015-06-05',26,30,17,17),
(277,'2016-01-23','2020-04-14',13,33,4,10),
(278,'2018-02-08','2022-01-18',19,46,14,4),
(279,'2018-11-04','2020-05-12',19,47,22,11),
(280,'2019-10-03','2023-12-17',10,48,7,7),
(281,'2021-11-02','2023-05-24',28,55,13,17),
(282,'2022-09-08','2023-01-19',13,41,18,16),
(283,'2015-07-20','2020-03-13',26,38,16,13),
(284,'2014-04-30','2017-02-13',22,50,10,19),
(285,'2021-08-27','2023-02-28',24,53,1,3),
(286,'2015-04-02','2017-03-07',30,34,9,9),
(287,'2016-11-18','2022-12-29',29,41,1,14),
(288,'2019-05-23','2023-12-08',17,41,8,13),
(289,'2014-05-12','2022-02-05',7,28,3,13),
(290,'2016-09-13','2021-04-22',25,37,12,19),
(291,'2016-01-25','2022-04-11',4,48,9,15),
(292,'2016-03-26','2017-05-27',26,25,1,13),
(293,'2017-04-03','2019-06-18',8,40,23,2),
(294,'2015-11-26','2017-04-14',25,33,13,12),
(295,'2014-04-19','2023-12-03',7,54,9,3),
(296,'2014-07-11','2017-06-16',17,34,10,12),
(297,'2017-12-12','2019-08-25',22,47,12,11),
(298,'2021-09-27','2022-05-27',13,36,5,17),
(299,'2014-10-22','2021-06-20',28,36,19,15),
(300,'2018-07-16','2022-02-07',18,49,23,9),
(301,'2017-06-30','2019-03-25',26,34,22,20),
(302,'2016-03-16','2022-10-29',7,43,12,6),
(303,'2014-11-29','2018-09-22',23,40,9,10),
(304,'2020-02-01','2023-06-10',19,52,14,6),
(305,'2020-09-12','2023-06-10',9,51,23,15),
(306,'2015-08-04','2017-08-02',11,43,14,16),
(307,'2016-09-28','2018-06-10',4,25,15,17),
(308,'2014-10-28','2017-11-28',4,30,7,15),
(309,'2021-02-22','2023-01-16',3,50,13,20),
(310,'2017-11-15','2022-10-05',16,27,13,19),
(311,'2018-05-08','2022-08-28',17,52,19,5),
(312,'2015-01-03','2020-10-20',1,36,14,11),
(313,'2017-04-20','2022-03-01',12,36,11,10),
(314,'2014-09-23','2023-12-14',11,30,1,11),
(315,'2015-12-23','2017-04-22',10,50,24,15),
(316,'2020-05-18','2023-05-01',13,31,7,6),
(317,'2016-07-20','2019-02-13',13,29,8,17),
(318,'2015-01-04','2017-03-07',21,38,4,7),
(319,'2018-08-01','2020-01-28',5,51,6,7),
(320,'2019-11-28','2023-05-15',18,44,3,18),
(321,'2015-02-23','2020-06-23',16,27,21,5),
(322,'2018-12-04','2023-01-30',8,27,9,14),
(323,'2019-04-01','2021-01-12',27,28,14,9),
(324,'2018-06-18','2021-08-24',11,31,2,3),
(325,'2015-12-03','2018-09-25',28,27,20,9),
(326,'2018-03-06','2020-07-24',17,46,8,2),
(327,'2016-03-30','2020-02-22',12,36,1,13),
(328,'2020-04-24','2023-03-17',23,29,22,12),
(329,'2017-06-06','2019-12-12',27,31,20,8),
(330,'2014-01-07','2019-02-20',10,54,22,1),
(331,'2021-12-24','2023-02-27',24,36,11,10),
(332,'2021-06-16','2021-10-04',15,45,2,15),
(333,'2015-01-27','2020-08-07',25,30,24,7),
(334,'2021-02-06','2022-09-29',28,37,11,1),
(335,'2014-06-29','2017-11-21',12,42,20,3),
(336,'2014-05-24','2016-06-29',14,28,17,3),
(337,'2017-11-19','2022-08-01',14,34,9,18),
(338,'2016-04-12','2021-06-18',29,34,8,18),
(339,'2015-03-05','2023-05-22',22,27,13,10),
(340,'2018-04-04','2020-02-17',7,32,11,19),
(341,'2017-01-02','2022-10-03',15,28,2,16),
(342,'2017-02-08','2020-09-19',13,50,1,1),
(343,'2018-01-07','2019-10-11',16,28,17,2),
(344,'2022-02-18','2022-04-25',6,48,16,3),
(345,'2018-03-10','2022-09-17',27,54,9,8),
(346,'2020-06-04','2023-10-22',25,31,12,20),
(347,'2020-01-04','2022-09-13',9,36,2,20),
(348,'2015-08-28','2020-02-02',19,43,15,13),
(349,'2017-03-15','2022-09-05',12,49,1,14),
(350,'2014-04-26','2014-06-24',23,43,3,6),
(351,'2019-07-09','2023-06-21',10,25,19,5),
(352,'2022-06-08','2022-12-01',19,41,17,13),
(353,'2019-06-30','2023-08-02',1,45,11,5),
(354,'2016-02-05','2023-03-27',24,47,21,7),
(355,'2014-01-22','2015-03-19',3,44,22,12),
(356,'2022-09-14','2023-10-23',30,31,14,11),
(357,'2022-08-24','2023-08-19',3,45,21,10),
(358,'2015-02-01','2017-08-18',30,33,9,7),
(359,'2022-08-01','2022-10-24',16,28,11,9),
(360,'2018-04-29','2021-10-12',25,45,11,15),
(361,'2014-01-20','2023-03-20',20,47,9,5),
(362,'2019-08-27','2023-11-08',3,31,1,10),
(363,'2014-07-19','2022-01-08',23,34,18,1),
(364,'2015-05-25','2021-07-04',2,31,3,11),
(365,'2016-07-02','2019-05-02',18,49,1,15),
(366,'2015-01-22','2018-12-09',9,40,20,11),
(367,'2017-10-05','2018-06-08',2,51,9,2),
(368,'2017-08-27','2022-02-19',8,29,23,9),
(369,'2020-11-07','2021-10-31',22,36,20,15),
(370,'2015-01-01','2015-04-14',11,25,22,13),
(371,'2017-09-07','2018-05-01',24,42,5,4),
(372,'2016-05-03','2020-06-30',7,34,3,5),
(373,'2015-06-16','2021-01-10',12,55,7,3),
(374,'2017-08-03','2021-12-27',3,27,12,19),
(375,'2019-01-20','2022-08-03',24,38,10,15),
(376,'2022-02-26','2022-06-06',14,37,15,20),
(377,'2014-12-01','2023-08-12',15,47,15,6),
(378,'2014-05-05','2022-07-23',29,47,20,6),
(379,'2019-01-18','2023-01-15',2,40,8,10),
(380,'2015-08-23','2019-04-03',20,54,3,1),
(381,'2014-01-10','2022-08-26',17,38,16,16),
(382,'2014-06-16','2015-11-23',2,42,15,12),
(383,'2014-06-15','2016-09-30',10,34,2,15),
(384,'2020-04-18','2022-04-26',15,39,22,14),
(385,'2015-04-25','2021-01-30',23,42,1,4),
(386,'2022-05-23','2023-07-25',25,35,8,12),
(387,'2015-05-12','2018-05-20',20,51,5,10),
(388,'2018-01-13','2019-01-22',30,45,5,13),
(389,'2022-02-03','2022-06-18',12,44,10,7),
(390,'2015-06-12','2015-12-06',8,35,7,11),
(391,'2014-03-26','2020-12-30',11,40,9,18),
(392,'2018-05-01','2022-06-15',7,45,16,20),
(393,'2015-07-07','2016-11-26',7,47,14,15),
(394,'2016-04-16','2022-02-13',2,47,10,2),
(395,'2014-12-18','2021-12-04',28,48,20,6),
(396,'2014-07-19','2020-10-04',9,53,21,11),
(397,'2020-09-02','2022-09-12',2,48,12,3),
(398,'2016-05-25','2021-04-14',24,44,15,7),
(399,'2017-07-24','2020-06-27',16,40,2,9),
(400,'2018-04-04','2021-11-05',20,55,10,3),
(401,'2016-07-17','2018-09-29',24,34,5,16),
(402,'2015-02-18','2022-01-28',20,31,16,3),
(403,'2014-01-17','2018-01-14',18,50,4,14),
(404,'2018-02-11','2018-08-09',3,41,11,6),
(405,'2015-10-19','2019-05-24',1,29,2,13),
(406,'2021-12-26','2022-01-07',9,36,21,10),
(407,'2014-08-06','2021-12-29',1,25,3,4),
(408,'2020-05-26','2022-02-27',18,36,8,2),
(409,'2016-11-14','2021-05-30',20,45,7,16),
(410,'2017-07-28','2023-07-07',17,48,7,2),
(411,'2023-09-06','2023-09-26',3,51,19,15),
(412,'2016-08-19','2016-09-25',13,39,24,15),
(413,'2016-06-14','2020-08-22',24,28,12,4),
(414,'2019-12-03','2021-07-30',27,51,13,5),
(415,'2022-08-24','2023-08-14',15,33,9,2),
(416,'2021-11-22','2022-10-16',29,55,19,1),
(417,'2014-01-29','2020-09-23',29,33,3,4),
(418,'2022-01-24','2023-02-04',6,27,15,6),
(419,'2014-10-04','2021-02-03',8,44,19,9),
(420,'2016-02-16','2016-11-28',15,39,20,18),
(421,'2022-06-16','2023-12-30',6,29,6,19),
(422,'2020-03-13','2021-08-31',19,43,6,3),
(423,'2021-01-14','2023-12-13',4,47,1,20),
(424,'2014-12-01','2019-02-07',15,51,8,19),
(425,'2019-04-02','2023-01-16',19,52,7,20),
(426,'2018-12-20','2021-12-07',1,27,11,3),
(427,'2020-11-26','2023-06-18',30,37,20,10),
(428,'2017-10-14','2018-11-21',14,38,6,20),
(429,'2016-12-30','2021-07-05',17,25,12,14),
(430,'2020-01-10','2023-12-05',27,27,14,11),
(431,'2020-11-23','2023-11-10',24,37,14,5),
(432,'2014-11-21','2015-05-24',19,36,7,9),
(433,'2023-08-06','2023-12-10',29,45,11,3),
(434,'2014-03-09','2022-08-12',2,51,16,13),
(435,'2015-07-08','2021-01-26',19,46,10,14),
(436,'2015-07-15','2019-04-10',14,26,13,9),
(437,'2015-10-18','2023-03-13',6,41,6,20),
(438,'2020-06-19','2022-03-17',1,26,13,7),
(439,'2015-06-08','2022-11-19',3,36,11,20),
(440,'2019-03-19','2019-09-13',10,32,18,18),
(441,'2016-08-26','2017-05-18',10,47,15,6),
(442,'2016-02-01','2018-07-03',17,25,19,7),
(443,'2014-02-24','2016-08-19',28,37,14,13),
(444,'2016-11-13','2017-02-13',12,50,15,16),
(445,'2017-01-13','2019-11-27',24,35,1,11),
(446,'2019-11-06','2022-01-10',3,28,10,14),
(447,'2021-04-30','2021-08-26',25,37,2,20),
(448,'2018-10-09','2023-05-24',11,25,8,20),
(449,'2018-12-23','2022-12-26',18,30,19,6),
(450,'2022-05-08','2023-09-05',6,40,22,7),
(451,'2019-11-04','2021-03-19',9,27,24,3),
(452,'2017-12-11','2021-05-22',14,28,6,10),
(453,'2015-07-12','2019-02-20',11,40,5,16),
(454,'2018-08-24','2018-11-07',18,51,8,11),
(455,'2021-10-04','2022-11-16',28,36,11,8),
(456,'2014-07-30','2022-02-24',9,46,17,15),
(457,'2017-06-21','2023-08-19',25,45,15,17),
(458,'2018-05-22','2022-04-03',1,54,17,9),
(459,'2015-02-07','2015-04-15',17,31,1,7),
(460,'2022-04-17','2022-08-17',1,52,14,5),
(461,'2014-11-01','2016-08-24',25,36,8,8),
(462,'2018-01-20','2021-11-09',26,54,19,9),
(463,'2017-01-07','2021-05-01',24,45,10,11),
(464,'2017-10-08','2023-02-24',17,48,11,15),
(465,'2019-07-15','2020-06-14',23,38,11,1),
(466,'2014-11-02','2018-07-17',5,32,19,2),
(467,'2018-04-17','2019-05-21',13,55,7,16),
(468,'2016-10-30','2020-01-03',6,52,15,3),
(469,'2019-01-14','2021-05-26',26,55,20,15),
(470,'2020-01-04','2023-11-29',5,41,22,10),
(471,'2016-08-21','2023-05-09',4,54,10,14),
(472,'2014-09-03','2016-02-27',13,30,14,18),
(473,'2017-03-06','2019-11-20',3,52,8,18),
(474,'2018-10-06','2021-02-03',28,52,10,4),
(475,'2023-05-19','2023-05-29',19,40,22,6),
(476,'2019-12-07','2023-08-16',12,44,4,14),
(477,'2015-07-24','2020-06-01',24,38,9,13),
(478,'2016-01-06','2023-07-26',7,42,21,7),
(479,'2015-10-12','2021-06-13',24,54,1,17),
(480,'2014-06-07','2022-09-21',8,38,13,15),
(481,'2017-08-29','2021-10-05',22,53,3,15),
(482,'2014-07-13','2016-10-16',23,52,20,7),
(483,'2019-06-17','2021-10-04',12,50,2,19),
(484,'2019-03-03','2020-04-29',30,46,1,18),
(485,'2020-06-16','2020-11-08',10,43,24,16),
(486,'2015-05-12','2018-02-07',26,31,17,18),
(487,'2014-09-15','2019-01-29',12,45,1,19),
(488,'2019-05-02','2019-12-11',10,47,3,2),
(489,'2014-11-10','2015-09-22',13,43,7,7),
(490,'2021-02-13','2021-08-28',19,38,19,10),
(491,'2018-06-13','2019-09-30',20,32,1,5),
(492,'2019-04-16','2019-11-22',21,35,1,14),
(493,'2015-01-24','2018-08-06',20,45,7,7),
(494,'2019-10-22','2022-12-17',26,50,12,5),
(495,'2018-11-15','2019-12-30',9,36,16,4),
(496,'2016-02-05','2018-08-30',7,34,16,15),
(497,'2014-09-17','2023-04-15',26,51,8,5),
(498,'2020-04-04','2023-01-07',11,25,1,4),
(499,'2015-11-02','2021-05-30',5,28,19,14),
(500,'2018-08-09','2022-11-12',24,35,13,5);

INSERT INTO materia_prima (id, nome, valor_unitario) VALUES
(1,'Componente1',123),
(2,'Componente2',4390),
(3,'Componente3',287),
(4,'Componente4',978),
(5,'Componente5',2320),
(6,'Componente6',2505),
(7,'Componente7',2062),
(8,'Componente8',4748),
(9,'Componente9',2752),
(10,'Componente10',2627),
(11,'Componente11',3671),
(12,'Componente12',2706),
(13,'Componente13',2278),
(14,'Componente14',222),
(15,'Componente15',3096),
(16,'Componente16',3243),
(17,'Componente17',3547),
(18,'Componente18',4556),
(19,'Componente19',3081),
(20,'Componente20',1253),
(21,'Componente21',4256),
(22,'Componente22',4536),
(23,'Componente23',185),
(24,'Componente24',2756),
(25,'Componente25',2530),
(26,'Componente26',4093),
(27,'Componente27',1851),
(28,'Componente28',3119),
(29,'Componente29',3301),
(30,'Componente30',2340),
(31,'Componente31',657),
(32,'Componente32',4479),
(33,'Componente33',4654),
(34,'Componente34',2703),
(35,'Componente35',2994),
(36,'Componente36',189),
(37,'Componente37',2510),
(38,'Componente38',517),
(39,'Componente39',4586),
(40,'Componente40',2566),
(41,'Componente41',3802),
(42,'Componente42',1689),
(43,'Componente43',1457),
(44,'Componente44',4472),
(45,'Componente45',516),
(46,'Componente46',4050),
(47,'Componente47',3851),
(48,'Componente48',2548),
(49,'Componente49',1393),
(50,'Componente50',2566);

INSERT INTO fornecedor (nome) VALUES
('Fornecedor1'),
('Fornecedor2'),
('Fornecedor3'),
('Fornecedor4'),
('Fornecedor5');