
INSERT INTO Produtos (id, nome_produto, categoria_produto) VALUES
(1,'Produto1',4),
(2,'Produto2',3),
(3,'Produto3',3),
(4,'Produto4',2),
(5,'Produto5',2),
(6,'Produto6',1),
(7,'Produto7',2),
(8,'Produto8',1),
(9,'Produto9',4),
(10,'Produto10',1),
(11,'Produto11',4),
(12,'Produto12',3),
(13,'Produto13',3),
(14,'Produto14',2),
(15,'Produto15',1),
(16,'Produto16',1),
(17,'Produto17',5),
(18,'Produto18',2),
(19,'Produto19',1),
(20,'Produto20',1);


INSERT INTO estoque_produtos (id,data_entrada,data_saida, qtde_inicial,qtde_entrada, qtde_saida, id_produto) VALUES
(1,'2014-08-09','2023-01-15',5,49,9,6),
(2,'2017-08-14','2020-01-07',23,46,7,12),
(3,'2017-01-07','2017-09-02',30,41,22,10),
(4,'2018-01-29','2023-01-10',6,29,8,13),
(5,'2017-10-10','2019-04-07',7,42,13,20),
(6,'2020-02-15','2022-03-17',16,53,2,11),
(7,'2017-10-27','2018-12-07',22,53,12,18),
(8,'2017-05-17','2023-09-07',18,44,8,4),
(9,'2015-12-03','2023-08-31',11,46,22,3),
(10,'2014-11-04','2015-02-22',14,25,6,11),
(11,'2016-08-20','2020-12-09',2,34,19,12),
(12,'2019-08-25','2022-05-11',21,27,13,1),
(13,'2016-11-11','2018-12-11',29,28,4,12),
(14,'2015-04-26','2019-02-18',1,39,21,2),
(15,'2015-04-21','2016-07-05',13,48,7,6),
(16,'2022-06-30','2023-07-03',8,40,13,16),
(17,'2022-07-27','2023-10-02',2,37,23,12),
(18,'2022-03-01','2023-11-26',18,29,4,10),
(19,'2015-02-05','2017-06-08',5,49,2,6),
(20,'2021-04-25','2021-07-12',26,44,12,2),
(21,'2020-09-08','2021-08-14',22,44,9,19),
(22,'2016-08-15','2019-07-09',28,46,16,11),
(23,'2021-02-07','2021-08-04',23,41,12,14),
(24,'2018-04-23','2021-09-12',4,46,4,6),
(25,'2018-04-20','2021-10-02',15,55,1,1),
(26,'2014-02-16','2022-10-02',18,55,6,2),
(27,'2016-02-03','2018-05-22',8,29,8,15),
(28,'2014-07-13','2022-07-17',26,51,1,16),
(29,'2018-08-10','2020-05-06',2,34,10,5),
(30,'2018-01-13','2018-10-23',11,51,7,15),
(31,'2020-11-09','2021-02-23',3,50,4,12),
(32,'2014-10-13','2021-06-22',1,38,3,1),
(33,'2014-08-14','2019-08-31',25,46,12,10),
(34,'2019-10-25','2020-09-23',1,50,23,2),
(35,'2017-07-14','2020-04-03',18,52,6,9),
(36,'2017-06-11','2020-03-03',2,35,24,11),
(37,'2019-05-17','2023-05-03',2,52,19,8),
(38,'2014-03-27','2023-02-27',15,53,20,17),
(39,'2016-04-27','2016-09-24',24,26,19,14),
(40,'2019-06-12','2023-10-20',13,54,22,8),
(41,'2015-03-28','2021-10-05',4,50,4,2),
(42,'2015-11-27','2022-12-04',27,34,7,13),
(43,'2016-07-06','2023-12-31',27,25,12,9),
(44,'2020-06-13','2021-03-08',19,50,19,2),
(45,'2016-11-03','2023-03-22',29,47,21,5),
(46,'2015-06-24','2017-12-08',17,28,23,14),
(47,'2015-01-04','2020-04-03',18,40,18,15),
(48,'2016-01-17','2019-11-17',23,29,9,7),
(49,'2015-07-15','2021-03-16',30,43,14,2),
(50,'2015-07-25','2018-08-27',15,48,14,9),
(51,'2016-07-05','2023-02-08',1,37,15,16),
(52,'2017-02-10','2020-07-07',3,50,11,17),
(53,'2017-11-06','2021-06-18',3,45,4,5),
(54,'2017-02-14','2018-12-20',7,43,23,14),
(55,'2014-01-10','2020-07-26',9,36,7,5),
(56,'2014-11-17','2020-02-23',23,48,14,20),
(57,'2019-09-06','2021-04-21',2,28,5,19),
(58,'2014-07-08','2022-05-02',3,55,17,8),
(59,'2021-07-30','2023-03-03',30,55,5,17),
(60,'2015-11-26','2021-08-16',7,46,19,14),
(61,'2018-04-21','2019-08-14',30,35,1,16),
(62,'2014-01-08','2017-01-14',21,55,8,1),
(63,'2023-05-26','2023-08-11',20,49,23,1),
(64,'2018-04-11','2018-11-08',14,26,3,2),
(65,'2021-10-11','2022-12-20',30,29,1,12),
(66,'2014-12-12','2021-07-14',7,31,10,12),
(67,'2016-05-10','2019-12-21',27,52,6,10),
(68,'2017-12-07','2021-06-23',29,44,1,16),
(69,'2018-12-18','2023-07-24',30,26,22,8),
(70,'2017-03-09','2019-01-25',26,32,12,12),
(71,'2014-06-17','2022-01-27',29,48,16,11),
(72,'2015-12-12','2017-08-15',3,50,21,7),
(73,'2015-05-16','2019-06-25',7,50,13,14),
(74,'2016-04-13','2023-07-26',12,26,13,18),
(75,'2023-03-13','2023-12-13',7,44,7,16),
(76,'2015-11-07','2017-07-05',25,55,10,19),
(77,'2014-10-25','2016-05-30',6,46,24,10),
(78,'2016-02-15','2022-03-22',30,25,4,19),
(79,'2014-07-03','2016-05-16',9,31,11,5),
(80,'2014-07-05','2020-11-30',19,43,14,9),
(81,'2016-06-30','2019-08-06',14,32,21,20),
(82,'2019-10-28','2021-01-11',22,40,10,19),
(83,'2015-08-19','2021-07-31',29,32,12,9),
(84,'2022-08-15','2023-05-15',10,44,19,2),
(85,'2019-06-30','2021-08-01',10,39,21,14),
(86,'2019-03-12','2020-04-03',17,40,11,8),
(87,'2017-08-04','2018-09-23',19,29,4,17),
(88,'2014-08-12','2021-11-22',8,28,13,6),
(89,'2016-04-15','2022-01-16',8,48,3,2),
(90,'2015-02-27','2018-09-15',12,30,18,6),
(91,'2020-10-13','2022-01-31',11,36,23,14),
(92,'2016-04-25','2020-04-18',27,35,15,1),
(93,'2016-05-04','2022-10-07',27,52,14,19),
(94,'2014-11-04','2017-03-10',22,39,13,19),
(95,'2014-08-20','2019-06-09',25,40,4,11),
(96,'2018-04-24','2020-10-14',1,44,17,1),
(97,'2015-07-10','2022-08-26',13,53,6,17),
(98,'2017-10-15','2021-03-29',28,41,7,4),
(99,'2016-03-22','2020-11-17',1,25,2,3),
(100,'2018-06-20','2022-05-21',8,46,11,5),
(101,'2018-04-29','2021-01-21',16,33,12,16),
(102,'2015-10-30','2021-04-23',12,48,4,15),
(103,'2020-04-08','2020-11-23',9,50,1,8),
(104,'2017-04-16','2019-07-09',3,32,24,13),
(105,'2018-01-20','2020-08-27',2,41,5,3),
(106,'2016-08-27','2018-11-18',26,37,9,17),
(107,'2014-07-22','2016-01-02',7,43,10,18),
(108,'2021-02-20','2023-01-17',24,46,7,11),
(109,'2013-12-21','2023-10-06',3,38,14,16),
(110,'2020-11-04','2022-03-09',27,36,13,3),
(111,'2021-11-01','2023-05-18',26,48,14,4),
(112,'2014-07-22','2019-08-22',7,28,19,15),
(113,'2023-02-09','2023-11-05',26,55,6,15),
(114,'2018-05-18','2020-04-22',20,44,1,9),
(115,'2019-10-17','2021-07-02',11,43,24,14),
(116,'2018-03-06','2023-04-18',29,50,2,13),
(117,'2021-12-13','2023-11-08',22,30,1,2),
(118,'2019-04-27','2019-06-16',28,54,4,8),
(119,'2016-11-20','2022-02-24',25,53,7,2),
(120,'2018-07-03','2019-08-23',2,30,10,5),
(121,'2022-02-21','2022-10-07',10,26,8,12),
(122,'2014-08-20','2023-11-22',28,44,1,20),
(123,'2019-11-10','2020-08-01',30,34,24,10),
(124,'2020-02-10','2021-07-25',21,38,3,13),
(125,'2014-01-20','2018-07-22',23,54,22,2),
(126,'2020-06-12','2022-03-21',16,45,9,2),
(127,'2022-09-14','2022-12-31',29,27,6,7),
(128,'2021-05-11','2023-12-02',22,43,14,3),
(129,'2016-08-19','2022-01-28',14,27,17,1),
(130,'2016-02-23','2022-07-07',15,31,17,16),
(131,'2021-11-09','2022-05-12',27,38,15,7),
(132,'2016-06-03','2016-09-08',26,47,4,15),
(133,'2017-07-20','2022-09-16',22,53,7,18),
(134,'2020-09-09','2023-04-01',17,29,22,7),
(135,'2018-05-17','2018-08-29',13,50,18,18),
(136,'2014-07-10','2016-10-21',25,28,12,1),
(137,'2016-03-16','2020-12-20',6,34,10,19),
(138,'2017-11-22','2023-09-04',1,42,21,19),
(139,'2020-02-08','2022-01-05',18,30,23,20),
(140,'2019-05-29','2022-02-05',5,52,6,12),
(141,'2016-10-28','2018-09-11',11,31,9,7),
(142,'2020-04-30','2023-11-14',9,34,19,4),
(143,'2016-02-26','2019-03-31',3,45,20,10),
(144,'2017-06-18','2023-08-27',20,41,14,10),
(145,'2020-12-31','2021-01-06',17,31,9,13),
(146,'2016-03-22','2020-04-01',5,41,21,17),
(147,'2016-07-22','2022-07-15',27,53,18,8),
(148,'2020-03-12','2021-03-05',12,46,15,10),
(149,'2016-11-27','2022-04-05',13,51,5,1),
(150,'2018-12-24','2019-06-04',30,48,13,1),
(151,'2014-01-05','2015-08-03',9,38,4,11),
(152,'2014-10-17','2018-07-06',24,38,3,19),
(153,'2014-05-17','2023-01-13',12,25,6,3),
(154,'2014-12-13','2022-02-23',9,30,10,7),
(155,'2016-09-28','2022-04-20',30,54,6,10),
(156,'2016-08-30','2023-01-01',15,34,3,17),
(157,'2015-01-31','2023-02-13',16,52,22,14),
(158,'2018-02-20','2023-06-15',22,29,24,3),
(159,'2014-10-14','2018-11-27',2,43,1,4),
(160,'2016-03-31','2022-07-25',27,53,16,9),
(161,'2020-02-07','2020-04-06',20,29,13,6),
(162,'2022-01-27','2022-04-18',6,49,3,8),
(163,'2015-01-31','2016-01-11',4,43,1,15),
(164,'2014-06-25','2018-11-17',9,39,14,3),
(165,'2014-09-11','2018-02-17',24,31,24,1),
(166,'2021-03-28','2022-04-06',16,29,14,14),
(167,'2014-11-11','2019-12-29',9,49,22,4),
(168,'2014-07-01','2023-12-09',25,35,4,12),
(169,'2014-09-16','2017-08-08',8,47,22,8),
(170,'2015-11-18','2023-08-06',24,34,20,6),
(171,'2014-09-11','2016-06-08',14,49,6,9),
(172,'2017-05-12','2018-03-25',10,43,18,8),
(173,'2016-08-20','2017-05-20',17,43,22,20),
(174,'2019-01-24','2023-07-14',14,35,18,10),
(175,'2014-03-02','2016-01-22',29,36,24,16),
(176,'2015-11-27','2016-08-13',3,49,7,15),
(177,'2015-12-11','2023-07-16',2,37,12,3),
(178,'2019-11-06','2023-06-16',14,49,11,17),
(179,'2014-04-02','2017-09-01',12,27,4,6),
(180,'2014-07-18','2022-10-15',30,34,18,19),
(181,'2016-01-14','2018-12-17',19,48,5,1),
(182,'2014-04-05','2015-02-26',11,31,1,20),
(183,'2020-03-26','2020-12-19',24,30,6,12),
(184,'2015-04-28','2016-11-12',25,50,11,2),
(185,'2017-04-04','2018-04-23',5,48,23,19),
(186,'2014-03-23','2017-01-25',13,34,8,2),
(187,'2018-07-20','2019-06-16',12,33,23,2),
(188,'2018-05-16','2021-05-28',8,40,5,9),
(189,'2015-08-12','2020-04-26',22,25,8,18),
(190,'2015-11-07','2017-02-03',10,53,9,16),
(191,'2016-03-16','2021-12-23',8,37,17,11),
(192,'2019-08-08','2022-01-02',26,27,16,4),
(193,'2018-09-28','2023-08-17',17,55,9,9),
(194,'2022-04-01','2023-07-20',7,37,12,16),
(195,'2018-03-06','2019-11-20',19,36,18,20),
(196,'2014-10-01','2015-09-14',4,27,5,10),
(197,'2015-01-04','2021-02-23',5,52,13,2),
(198,'2019-05-23','2019-10-07',22,26,17,20),
(199,'2014-11-13','2016-05-28',17,37,21,15),
(200,'2015-10-27','2022-04-02',25,53,22,10),
(201,'2014-01-28','2020-12-24',6,26,11,14),
(202,'2014-12-24','2017-08-25',21,52,16,13),
(203,'2015-04-04','2023-05-30',5,31,21,7),
(204,'2016-06-11','2017-07-08',17,44,24,13),
(205,'2019-10-02','2021-02-01',12,44,22,8),
(206,'2016-10-16','2021-04-24',21,53,5,2),
(207,'2019-06-20','2021-05-11',7,35,23,8),
(208,'2014-09-16','2016-04-04',30,47,20,16),
(209,'2021-01-27','2023-12-21',26,40,4,15),
(210,'2015-11-11','2016-04-04',26,53,10,20),
(211,'2014-08-04','2016-11-13',24,32,8,7),
(212,'2017-06-26','2021-11-21',13,38,20,10),
(213,'2014-02-25','2023-04-04',26,35,7,3),
(214,'2017-03-08','2018-01-31',25,38,7,10),
(215,'2016-08-30','2017-10-04',23,49,10,12),
(216,'2017-07-25','2023-11-26',27,37,19,12),
(217,'2016-05-27','2016-07-18',6,40,17,18),
(218,'2015-04-30','2018-12-02',2,49,7,20),
(219,'2017-02-09','2017-11-10',1,51,11,16),
(220,'2016-02-14','2019-05-09',4,37,9,9),
(221,'2018-11-24','2022-09-04',12,27,22,10),
(222,'2015-12-30','2020-07-24',5,40,15,16),
(223,'2014-08-14','2021-06-05',2,30,12,17),
(224,'2018-04-11','2019-07-29',13,45,10,11),
(225,'2017-01-13','2023-10-12',17,39,13,9),
(226,'2021-03-19','2022-07-10',28,55,16,5),
(227,'2016-04-24','2020-07-17',11,44,9,8),
(228,'2016-11-10','2020-08-25',19,53,17,10),
(229,'2019-07-24','2022-02-17',27,30,4,3),
(230,'2018-03-28','2018-06-21',1,41,9,1),
(231,'2014-08-22','2015-06-07',2,49,14,17),
(232,'2019-10-18','2023-12-18',1,44,13,2),
(233,'2016-05-01','2019-08-04',14,31,24,15),
(234,'2014-11-09','2016-10-09',5,43,16,17),
(235,'2019-10-22','2023-07-23',28,35,14,14),
(236,'2020-04-30','2021-12-03',25,25,22,18),
(237,'2019-06-27','2020-03-27',9,33,20,17),
(238,'2015-03-07','2019-12-13',22,55,9,3),
(239,'2015-08-03','2022-11-22',24,43,23,19),
(240,'2015-10-23','2023-10-13',9,26,15,2),
(241,'2020-06-10','2021-05-01',6,34,16,18),
(242,'2017-07-18','2022-03-28',10,45,13,4),
(243,'2020-02-16','2021-05-08',1,49,20,20),
(244,'2017-04-03','2018-03-19',9,46,11,5),
(245,'2014-01-23','2020-11-11',1,54,10,8),
(246,'2019-01-20','2023-03-03',23,42,21,7),
(247,'2016-12-23','2022-01-25',9,29,15,14),
(248,'2016-05-13','2022-03-02',2,47,8,6),
(249,'2014-10-26','2018-10-03',29,43,3,5),
(250,'2014-12-22','2021-02-19',27,28,22,6),
(251,'2018-12-19','2020-10-25',10,31,17,17),
(252,'2016-10-05','2020-08-14',8,35,4,10),
(253,'2015-02-02','2021-04-05',13,47,24,17),
(254,'2017-11-19','2020-01-09',18,30,18,18),
(255,'2014-01-23','2021-09-11',6,41,16,16),
(256,'2020-03-27','2022-09-09',1,49,24,7),
(257,'2016-11-28','2018-11-21',21,50,4,9),
(258,'2020-10-16','2022-03-10',7,40,4,16),
(259,'2019-09-14','2021-03-11',17,32,9,20),
(260,'2017-03-20','2019-02-19',10,55,19,19),
(261,'2019-08-26','2020-05-28',20,46,6,2),
(262,'2016-06-26','2019-09-03',26,55,24,11),
(263,'2014-10-08','2018-11-04',30,34,7,7),
(264,'2014-12-21','2021-07-14',9,38,10,10),
(265,'2014-02-01','2019-06-23',21,38,18,7),
(266,'2014-03-13','2023-08-24',9,28,18,18),
(267,'2015-03-14','2015-11-28',11,55,17,6),
(268,'2016-04-19','2018-01-22',2,41,12,17),
(269,'2014-10-12','2018-10-24',14,40,8,1),
(270,'2015-11-12','2016-09-14',23,30,7,7),
(271,'2015-04-13','2021-07-15',18,39,21,5),
(272,'2019-01-07','2021-03-24',21,41,18,5),
(273,'2016-01-01','2019-09-14',1,48,19,12),
(274,'2014-12-31','2023-07-13',5,25,18,13),
(275,'2014-12-09','2023-07-04',27,37,8,20),
(276,'2015-02-22','2015-06-05',26,30,17,17),
(277,'2016-01-23','2020-04-14',13,33,4,10),
(278,'2018-02-08','2022-01-18',19,46,14,4),
(279,'2018-11-04','2020-05-12',19,47,22,11),
(280,'2019-10-03','2023-12-17',10,48,7,7),
(281,'2021-11-02','2023-05-24',28,55,13,17),
(282,'2022-09-08','2023-01-19',13,41,18,16),
(283,'2015-07-20','2020-03-13',26,38,16,13),
(284,'2014-04-30','2017-02-13',22,50,10,19),
(285,'2021-08-27','2023-02-28',24,53,1,3),
(286,'2015-04-02','2017-03-07',30,34,9,9),
(287,'2016-11-18','2022-12-29',29,41,1,14),
(288,'2019-05-23','2023-12-08',17,41,8,13),
(289,'2014-05-12','2022-02-05',7,28,3,13),
(290,'2016-09-13','2021-04-22',25,37,12,19),
(291,'2016-01-25','2022-04-11',4,48,9,15),
(292,'2016-03-26','2017-05-27',26,25,1,13),
(293,'2017-04-03','2019-06-18',8,40,23,2),
(294,'2015-11-26','2017-04-14',25,33,13,12),
(295,'2014-04-19','2023-12-03',7,54,9,3),
(296,'2014-07-11','2017-06-16',17,34,10,12),
(297,'2017-12-12','2019-08-25',22,47,12,11),
(298,'2021-09-27','2022-05-27',13,36,5,17),
(299,'2014-10-22','2021-06-20',28,36,19,15),
(300,'2018-07-16','2022-02-07',18,49,23,9),
(301,'2017-06-30','2019-03-25',26,34,22,20),
(302,'2016-03-16','2022-10-29',7,43,12,6),
(303,'2014-11-29','2018-09-22',23,40,9,10),
(304,'2020-02-01','2023-06-10',19,52,14,6),
(305,'2020-09-12','2023-06-10',9,51,23,15),
(306,'2015-08-04','2017-08-02',11,43,14,16),
(307,'2016-09-28','2018-06-10',4,25,15,17),
(308,'2014-10-28','2017-11-28',4,30,7,15),
(309,'2021-02-22','2023-01-16',3,50,13,20),
(310,'2017-11-15','2022-10-05',16,27,13,19),
(311,'2018-05-08','2022-08-28',17,52,19,5),
(312,'2015-01-03','2020-10-20',1,36,14,11),
(313,'2017-04-20','2022-03-01',12,36,11,10),
(314,'2014-09-23','2023-12-14',11,30,1,11),
(315,'2015-12-23','2017-04-22',10,50,24,15),
(316,'2020-05-18','2023-05-01',13,31,7,6),
(317,'2016-07-20','2019-02-13',13,29,8,17),
(318,'2015-01-04','2017-03-07',21,38,4,7),
(319,'2018-08-01','2020-01-28',5,51,6,7),
(320,'2019-11-28','2023-05-15',18,44,3,18),
(321,'2015-02-23','2020-06-23',16,27,21,5),
(322,'2018-12-04','2023-01-30',8,27,9,14),
(323,'2019-04-01','2021-01-12',27,28,14,9),
(324,'2018-06-18','2021-08-24',11,31,2,3),
(325,'2015-12-03','2018-09-25',28,27,20,9),
(326,'2018-03-06','2020-07-24',17,46,8,2),
(327,'2016-03-30','2020-02-22',12,36,1,13),
(328,'2020-04-24','2023-03-17',23,29,22,12),
(329,'2017-06-06','2019-12-12',27,31,20,8),
(330,'2014-01-07','2019-02-20',10,54,22,1),
(331,'2021-12-24','2023-02-27',24,36,11,10),
(332,'2021-06-16','2021-10-04',15,45,2,15),
(333,'2015-01-27','2020-08-07',25,30,24,7),
(334,'2021-02-06','2022-09-29',28,37,11,1),
(335,'2014-06-29','2017-11-21',12,42,20,3),
(336,'2014-05-24','2016-06-29',14,28,17,3),
(337,'2017-11-19','2022-08-01',14,34,9,18),
(338,'2016-04-12','2021-06-18',29,34,8,18),
(339,'2015-03-05','2023-05-22',22,27,13,10),
(340,'2018-04-04','2020-02-17',7,32,11,19),
(341,'2017-01-02','2022-10-03',15,28,2,16),
(342,'2017-02-08','2020-09-19',13,50,1,1),
(343,'2018-01-07','2019-10-11',16,28,17,2),
(344,'2022-02-18','2022-04-25',6,48,16,3),
(345,'2018-03-10','2022-09-17',27,54,9,8),
(346,'2020-06-04','2023-10-22',25,31,12,20),
(347,'2020-01-04','2022-09-13',9,36,2,20),
(348,'2015-08-28','2020-02-02',19,43,15,13),
(349,'2017-03-15','2022-09-05',12,49,1,14),
(350,'2014-04-26','2014-06-24',23,43,3,6),
(351,'2019-07-09','2023-06-21',10,25,19,5),
(352,'2022-06-08','2022-12-01',19,41,17,13),
(353,'2019-06-30','2023-08-02',1,45,11,5),
(354,'2016-02-05','2023-03-27',24,47,21,7),
(355,'2014-01-22','2015-03-19',3,44,22,12),
(356,'2022-09-14','2023-10-23',30,31,14,11),
(357,'2022-08-24','2023-08-19',3,45,21,10),
(358,'2015-02-01','2017-08-18',30,33,9,7),
(359,'2022-08-01','2022-10-24',16,28,11,9),
(360,'2018-04-29','2021-10-12',25,45,11,15),
(361,'2014-01-20','2023-03-20',20,47,9,5),
(362,'2019-08-27','2023-11-08',3,31,1,10),
(363,'2014-07-19','2022-01-08',23,34,18,1),
(364,'2015-05-25','2021-07-04',2,31,3,11),
(365,'2016-07-02','2019-05-02',18,49,1,15),
(366,'2015-01-22','2018-12-09',9,40,20,11),
(367,'2017-10-05','2018-06-08',2,51,9,2),
(368,'2017-08-27','2022-02-19',8,29,23,9),
(369,'2020-11-07','2021-10-31',22,36,20,15),
(370,'2015-01-01','2015-04-14',11,25,22,13),
(371,'2017-09-07','2018-05-01',24,42,5,4),
(372,'2016-05-03','2020-06-30',7,34,3,5),
(373,'2015-06-16','2021-01-10',12,55,7,3),
(374,'2017-08-03','2021-12-27',3,27,12,19),
(375,'2019-01-20','2022-08-03',24,38,10,15),
(376,'2022-02-26','2022-06-06',14,37,15,20),
(377,'2014-12-01','2023-08-12',15,47,15,6),
(378,'2014-05-05','2022-07-23',29,47,20,6),
(379,'2019-01-18','2023-01-15',2,40,8,10),
(380,'2015-08-23','2019-04-03',20,54,3,1),
(381,'2014-01-10','2022-08-26',17,38,16,16),
(382,'2014-06-16','2015-11-23',2,42,15,12),
(383,'2014-06-15','2016-09-30',10,34,2,15),
(384,'2020-04-18','2022-04-26',15,39,22,14),
(385,'2015-04-25','2021-01-30',23,42,1,4),
(386,'2022-05-23','2023-07-25',25,35,8,12),
(387,'2015-05-12','2018-05-20',20,51,5,10),
(388,'2018-01-13','2019-01-22',30,45,5,13),
(389,'2022-02-03','2022-06-18',12,44,10,7),
(390,'2015-06-12','2015-12-06',8,35,7,11),
(391,'2014-03-26','2020-12-30',11,40,9,18),
(392,'2018-05-01','2022-06-15',7,45,16,20),
(393,'2015-07-07','2016-11-26',7,47,14,15),
(394,'2016-04-16','2022-02-13',2,47,10,2),
(395,'2014-12-18','2021-12-04',28,48,20,6),
(396,'2014-07-19','2020-10-04',9,53,21,11),
(397,'2020-09-02','2022-09-12',2,48,12,3),
(398,'2016-05-25','2021-04-14',24,44,15,7),
(399,'2017-07-24','2020-06-27',16,40,2,9),
(400,'2018-04-04','2021-11-05',20,55,10,3),
(401,'2016-07-17','2018-09-29',24,34,5,16),
(402,'2015-02-18','2022-01-28',20,31,16,3),
(403,'2014-01-17','2018-01-14',18,50,4,14),
(404,'2018-02-11','2018-08-09',3,41,11,6),
(405,'2015-10-19','2019-05-24',1,29,2,13),
(406,'2021-12-26','2022-01-07',9,36,21,10),
(407,'2014-08-06','2021-12-29',1,25,3,4),
(408,'2020-05-26','2022-02-27',18,36,8,2),
(409,'2016-11-14','2021-05-30',20,45,7,16),
(410,'2017-07-28','2023-07-07',17,48,7,2),
(411,'2023-09-06','2023-09-26',3,51,19,15),
(412,'2016-08-19','2016-09-25',13,39,24,15),
(413,'2016-06-14','2020-08-22',24,28,12,4),
(414,'2019-12-03','2021-07-30',27,51,13,5),
(415,'2022-08-24','2023-08-14',15,33,9,2),
(416,'2021-11-22','2022-10-16',29,55,19,1),
(417,'2014-01-29','2020-09-23',29,33,3,4),
(418,'2022-01-24','2023-02-04',6,27,15,6),
(419,'2014-10-04','2021-02-03',8,44,19,9),
(420,'2016-02-16','2016-11-28',15,39,20,18),
(421,'2022-06-16','2023-12-30',6,29,6,19),
(422,'2020-03-13','2021-08-31',19,43,6,3),
(423,'2021-01-14','2023-12-13',4,47,1,20),
(424,'2014-12-01','2019-02-07',15,51,8,19),
(425,'2019-04-02','2023-01-16',19,52,7,20),
(426,'2018-12-20','2021-12-07',1,27,11,3),
(427,'2020-11-26','2023-06-18',30,37,20,10),
(428,'2017-10-14','2018-11-21',14,38,6,20),
(429,'2016-12-30','2021-07-05',17,25,12,14),
(430,'2020-01-10','2023-12-05',27,27,14,11),
(431,'2020-11-23','2023-11-10',24,37,14,5),
(432,'2014-11-21','2015-05-24',19,36,7,9),
(433,'2023-08-06','2023-12-10',29,45,11,3),
(434,'2014-03-09','2022-08-12',2,51,16,13),
(435,'2015-07-08','2021-01-26',19,46,10,14),
(436,'2015-07-15','2019-04-10',14,26,13,9),
(437,'2015-10-18','2023-03-13',6,41,6,20),
(438,'2020-06-19','2022-03-17',1,26,13,7),
(439,'2015-06-08','2022-11-19',3,36,11,20),
(440,'2019-03-19','2019-09-13',10,32,18,18),
(441,'2016-08-26','2017-05-18',10,47,15,6),
(442,'2016-02-01','2018-07-03',17,25,19,7),
(443,'2014-02-24','2016-08-19',28,37,14,13),
(444,'2016-11-13','2017-02-13',12,50,15,16),
(445,'2017-01-13','2019-11-27',24,35,1,11),
(446,'2019-11-06','2022-01-10',3,28,10,14),
(447,'2021-04-30','2021-08-26',25,37,2,20),
(448,'2018-10-09','2023-05-24',11,25,8,20),
(449,'2018-12-23','2022-12-26',18,30,19,6),
(450,'2022-05-08','2023-09-05',6,40,22,7),
(451,'2019-11-04','2021-03-19',9,27,24,3),
(452,'2017-12-11','2021-05-22',14,28,6,10),
(453,'2015-07-12','2019-02-20',11,40,5,16),
(454,'2018-08-24','2018-11-07',18,51,8,11),
(455,'2021-10-04','2022-11-16',28,36,11,8),
(456,'2014-07-30','2022-02-24',9,46,17,15),
(457,'2017-06-21','2023-08-19',25,45,15,17),
(458,'2018-05-22','2022-04-03',1,54,17,9),
(459,'2015-02-07','2015-04-15',17,31,1,7),
(460,'2022-04-17','2022-08-17',1,52,14,5),
(461,'2014-11-01','2016-08-24',25,36,8,8),
(462,'2018-01-20','2021-11-09',26,54,19,9),
(463,'2017-01-07','2021-05-01',24,45,10,11),
(464,'2017-10-08','2023-02-24',17,48,11,15),
(465,'2019-07-15','2020-06-14',23,38,11,1),
(466,'2014-11-02','2018-07-17',5,32,19,2),
(467,'2018-04-17','2019-05-21',13,55,7,16),
(468,'2016-10-30','2020-01-03',6,52,15,3),
(469,'2019-01-14','2021-05-26',26,55,20,15),
(470,'2020-01-04','2023-11-29',5,41,22,10),
(471,'2016-08-21','2023-05-09',4,54,10,14),
(472,'2014-09-03','2016-02-27',13,30,14,18),
(473,'2017-03-06','2019-11-20',3,52,8,18),
(474,'2018-10-06','2021-02-03',28,52,10,4),
(475,'2023-05-19','2023-05-29',19,40,22,6),
(476,'2019-12-07','2023-08-16',12,44,4,14),
(477,'2015-07-24','2020-06-01',24,38,9,13),
(478,'2016-01-06','2023-07-26',7,42,21,7),
(479,'2015-10-12','2021-06-13',24,54,1,17),
(480,'2014-06-07','2022-09-21',8,38,13,15),
(481,'2017-08-29','2021-10-05',22,53,3,15),
(482,'2014-07-13','2016-10-16',23,52,20,7),
(483,'2019-06-17','2021-10-04',12,50,2,19),
(484,'2019-03-03','2020-04-29',30,46,1,18),
(485,'2020-06-16','2020-11-08',10,43,24,16),
(486,'2015-05-12','2018-02-07',26,31,17,18),
(487,'2014-09-15','2019-01-29',12,45,1,19),
(488,'2019-05-02','2019-12-11',10,47,3,2),
(489,'2014-11-10','2015-09-22',13,43,7,7),
(490,'2021-02-13','2021-08-28',19,38,19,10),
(491,'2018-06-13','2019-09-30',20,32,1,5),
(492,'2019-04-16','2019-11-22',21,35,1,14),
(493,'2015-01-24','2018-08-06',20,45,7,7),
(494,'2019-10-22','2022-12-17',26,50,12,5),
(495,'2018-11-15','2019-12-30',9,36,16,4),
(496,'2016-02-05','2018-08-30',7,34,16,15),
(497,'2014-09-17','2023-04-15',26,51,8,5),
(498,'2020-04-04','2023-01-07',11,25,1,4),
(499,'2015-11-02','2021-05-30',5,28,19,14),
(500,'2018-08-09','2022-11-12',24,35,13,5);

INSERT INTO materia_prima (id, nome, valor_unitario) VALUES
(1,'Componente1',123),
(2,'Componente2',4390),
(3,'Componente3',287),
(4,'Componente4',978),
(5,'Componente5',2320),
(6,'Componente6',2505),
(7,'Componente7',2062),
(8,'Componente8',4748),
(9,'Componente9',2752),
(10,'Componente10',2627),
(11,'Componente11',3671),
(12,'Componente12',2706),
(13,'Componente13',2278),
(14,'Componente14',222),
(15,'Componente15',3096),
(16,'Componente16',3243),
(17,'Componente17',3547),
(18,'Componente18',4556),
(19,'Componente19',3081),
(20,'Componente20',1253),
(21,'Componente21',4256),
(22,'Componente22',4536),
(23,'Componente23',185),
(24,'Componente24',2756),
(25,'Componente25',2530),
(26,'Componente26',4093),
(27,'Componente27',1851),
(28,'Componente28',3119),
(29,'Componente29',3301),
(30,'Componente30',2340),
(31,'Componente31',657),
(32,'Componente32',4479),
(33,'Componente33',4654),
(34,'Componente34',2703),
(35,'Componente35',2994),
(36,'Componente36',189),
(37,'Componente37',2510),
(38,'Componente38',517),
(39,'Componente39',4586),
(40,'Componente40',2566),
(41,'Componente41',3802),
(42,'Componente42',1689),
(43,'Componente43',1457),
(44,'Componente44',4472),
(45,'Componente45',516),
(46,'Componente46',4050),
(47,'Componente47',3851),
(48,'Componente48',2548),
(49,'Componente49',1393),
(50,'Componente50',2566);

INSERT INTO fornecedor (nome) VALUES
('Fornecedor1'),
('Fornecedor2'),
('Fornecedor3'),
('Fornecedor4'),
('Fornecedor5');

INSERT INTO estoque_materiaprima (id, data_entrada,data_saida, qtde_inicial,qtde_entrada, qtde_saida, id_materiaPrima) VALUES
(1,'2015-05-03','2019-06-06',8,30,14,4),
(2,'2020-04-01','2022-01-01',2,44,6,19),
(3,'2015-01-12','2021-07-26',25,37,16,32),
(4,'2016-11-29','2019-01-18',14,41,14,10),
(5,'2020-01-17','2020-09-13',33,34,10,40),
(6,'2016-03-25','2020-04-02',47,27,12,33),
(7,'2016-01-22','2018-07-15',13,34,7,24),
(8,'2016-11-02','2019-12-12',3,48,14,43),
(9,'2015-05-25','2017-08-15',16,34,4,37),
(10,'2017-10-04','2018-07-17',35,30,7,44),
(11,'2019-02-05','2022-02-23',28,43,12,19),
(12,'2020-07-05','2023-10-10',43,35,15,33),
(13,'2014-11-10','2022-06-06',35,27,5,25),
(14,'2015-12-20','2020-02-11',38,44,22,22),
(15,'2020-03-26','2023-08-25',26,25,19,37),
(16,'2020-09-14','2021-06-16',22,30,10,2),
(17,'2015-11-12','2017-11-28',25,46,1,7),
(18,'2015-01-18','2017-03-05',44,49,2,8),
(19,'2019-08-06','2020-01-14',1,44,3,12),
(20,'2021-07-17','2022-02-05',6,31,1,29),
(21,'2022-10-01','2023-07-31',18,40,18,29),
(22,'2019-11-19','2023-06-12',2,34,22,43),
(23,'2016-01-20','2019-10-28',41,27,6,45),
(24,'2015-11-06','2021-06-13',45,25,1,33),
(25,'2014-09-02','2018-05-13',41,41,2,26),
(26,'2014-12-26','2018-07-14',29,31,17,14),
(27,'2020-05-28','2022-09-03',36,43,22,37),
(28,'2017-07-02','2022-02-13',28,28,2,19),
(29,'2015-11-12','2022-07-08',11,48,16,5),
(30,'2019-11-14','2021-05-30',10,43,3,43),
(31,'2020-07-25','2023-06-02',9,31,14,13),
(32,'2014-01-18','2020-04-08',44,38,18,11),
(33,'2016-10-07','2022-09-08',40,33,4,16),
(34,'2017-09-12','2019-01-14',8,26,11,44),
(35,'2016-01-16','2023-06-30',24,46,19,33),
(36,'2016-07-17','2020-08-08',33,26,17,21),
(37,'2016-05-17','2020-10-07',36,28,4,42),
(38,'2015-05-19','2018-03-02',47,41,8,9),
(39,'2016-12-09','2017-08-04',7,36,7,35),
(40,'2019-04-12','2023-02-01',2,43,12,45),
(41,'2018-05-27','2019-08-11',19,42,3,14),
(42,'2014-02-18','2016-02-22',40,31,3,1),
(43,'2021-09-23','2023-07-29',50,33,22,1),
(44,'2021-02-09','2022-09-04',9,26,14,4),
(45,'2018-04-05','2018-06-13',21,50,6,34),
(46,'2015-05-07','2019-03-25',14,25,21,43),
(47,'2014-12-28','2019-12-04',16,36,14,47),
(48,'2018-05-23','2023-07-26',4,44,20,35),
(49,'2014-03-23','2023-08-11',19,27,22,25),
(50,'2014-07-29','2015-10-09',12,34,4,4),
(51,'2015-01-11','2016-03-03',38,27,22,30),
(52,'2014-02-11','2016-07-12',24,27,19,37),
(53,'2018-01-04','2019-04-20',49,39,8,40),
(54,'2014-06-10','2021-03-31',30,37,11,22),
(55,'2017-02-20','2018-05-04',27,44,16,10),
(56,'2014-03-28','2017-11-16',31,33,7,32),
(57,'2014-01-20','2023-04-04',18,29,16,43),
(58,'2020-06-08','2021-05-22',22,43,17,45),
(59,'2014-06-14','2016-04-30',26,43,9,33),
(60,'2015-09-09','2023-02-15',24,40,16,47),
(61,'2017-06-12','2022-02-18',19,42,16,19),
(62,'2014-07-29','2016-05-03',28,47,1,8),
(63,'2014-04-15','2016-01-05',43,40,19,45),
(64,'2016-09-08','2016-10-22',9,26,18,2),
(65,'2014-11-14','2022-10-01',33,40,3,20),
(66,'2019-07-17','2020-02-29',37,30,22,9),
(67,'2019-04-17','2023-06-09',10,46,3,33),
(68,'2023-01-23','2023-12-20',37,41,18,46),
(69,'2016-10-23','2021-05-04',12,43,22,21),
(70,'2015-11-28','2021-01-23',28,32,5,18),
(71,'2019-10-20','2022-08-01',2,50,21,17),
(72,'2015-10-12','2018-05-19',15,46,15,36),
(73,'2018-12-25','2023-12-12',17,36,12,49),
(74,'2017-12-28','2019-09-09',32,41,3,47),
(75,'2017-04-04','2023-12-11',7,32,11,34),
(76,'2015-03-30','2018-01-30',15,48,14,29),
(77,'2014-01-13','2018-11-20',12,36,11,11),
(78,'2016-12-30','2019-10-29',14,46,12,36),
(79,'2015-07-19','2016-09-25',46,25,4,30),
(80,'2015-01-11','2020-04-15',18,50,9,42),
(81,'2022-01-22','2022-07-23',49,47,11,47),
(82,'2020-12-31','2023-09-26',19,33,4,34),
(83,'2015-03-08','2020-12-02',42,42,17,27),
(84,'2019-07-21','2023-11-02',37,28,12,8),
(85,'2017-02-09','2022-02-14',44,38,14,45),
(86,'2014-07-15','2022-09-12',31,29,14,47),
(87,'2017-09-01','2021-03-17',28,35,9,7),
(88,'2021-06-16','2023-04-06',8,43,16,5),
(89,'2019-04-23','2019-11-04',46,43,13,24),
(90,'2014-07-19','2018-04-16',3,36,12,23),
(91,'2018-08-15','2019-12-17',37,27,9,34),
(92,'2014-10-18','2022-07-01',20,33,22,11),
(93,'2015-07-09','2018-11-26',49,47,18,22),
(94,'2014-01-18','2015-11-22',45,43,2,50),
(95,'2019-07-20','2021-05-28',9,37,21,38),
(96,'2014-03-21','2020-02-27',22,39,21,6),
(97,'2016-08-13','2018-12-30',31,43,12,21),
(98,'2021-01-21','2022-09-09',32,47,18,21),
(99,'2023-04-19','2023-09-03',10,25,4,9),
(100,'2015-06-24','2016-03-30',47,27,14,40),
(101,'2017-03-03','2022-01-21',30,31,20,28),
(102,'2015-05-18','2022-08-05',27,44,3,24),
(103,'2013-12-21','2021-05-09',21,42,8,5),
(104,'2021-05-02','2022-10-05',24,42,1,21),
(105,'2021-01-28','2023-04-19',33,39,20,2),
(106,'2015-10-30','2021-07-12',33,32,16,9),
(107,'2017-08-16','2022-01-19',41,41,11,46),
(108,'2017-02-19','2018-03-30',3,33,8,50),
(109,'2016-06-17','2021-07-04',22,30,20,21),
(110,'2015-04-25','2018-05-20',27,40,13,36),
(111,'2014-09-07','2015-04-23',43,39,18,31),
(112,'2015-06-06','2020-11-17',23,25,15,23),
(113,'2015-04-10','2023-11-22',14,29,21,6),
(114,'2015-08-08','2021-07-15',3,48,22,18),
(115,'2016-04-04','2018-11-27',46,37,3,6),
(116,'2022-01-16','2023-09-24',5,38,12,13),
(117,'2016-04-21','2019-10-28',2,38,23,14),
(118,'2014-05-07','2016-01-17',34,29,7,42),
(119,'2020-03-29','2023-10-05',22,31,16,13),
(120,'2021-07-18','2022-09-12',18,38,13,13),
(121,'2016-06-29','2018-05-03',21,45,5,21),
(122,'2019-05-09','2021-08-01',27,26,18,33),
(123,'2015-01-07','2018-06-07',43,44,19,43),
(124,'2016-10-25','2021-12-05',7,45,24,39),
(125,'2020-08-26','2023-08-18',27,28,5,20),
(126,'2020-03-30','2023-02-26',4,40,3,29),
(127,'2020-06-24','2022-06-26',30,33,6,28),
(128,'2018-03-21','2022-10-30',23,25,5,28),
(129,'2021-02-23','2021-06-28',29,43,10,48),
(130,'2023-04-11','2023-04-27',47,45,12,28),
(131,'2014-01-10','2019-07-18',50,31,16,44),
(132,'2021-02-18','2022-04-29',32,48,19,17),
(133,'2017-03-01','2022-12-05',30,44,24,15),
(134,'2019-07-27','2022-11-19',49,50,16,43),
(135,'2020-06-08','2021-05-08',32,26,11,23),
(136,'2022-02-04','2023-05-24',13,42,14,30),
(137,'2016-04-11','2017-01-15',14,29,14,41),
(138,'2018-10-02','2023-12-21',50,45,8,31),
(139,'2014-08-30','2020-04-04',13,32,4,29),
(140,'2014-12-13','2023-02-13',21,28,22,17),
(141,'2019-08-27','2023-10-08',7,30,19,1),
(142,'2018-04-29','2020-12-22',47,29,19,50),
(143,'2014-10-12','2023-02-19',13,33,16,16),
(144,'2018-08-25','2022-12-08',43,37,19,9),
(145,'2014-10-21','2015-07-25',41,44,11,39),
(146,'2017-05-18','2022-10-27',38,32,8,16),
(147,'2020-07-20','2021-04-16',32,33,20,49),
(148,'2016-06-02','2021-12-15',2,45,24,8),
(149,'2015-08-13','2022-12-10',49,30,12,19),
(150,'2014-07-14','2017-06-30',13,29,23,47),
(151,'2019-05-07','2022-01-06',45,28,20,13),
(152,'2017-11-01','2017-12-14',50,34,1,24),
(153,'2015-08-17','2015-09-29',33,46,12,5),
(154,'2017-09-01','2018-06-20',3,50,24,24),
(155,'2014-03-02','2015-12-30',26,26,17,46),
(156,'2016-06-29','2020-04-29',18,50,23,15),
(157,'2020-04-17','2023-03-28',32,25,2,40),
(158,'2015-11-24','2023-09-26',45,49,6,29),
(159,'2018-12-16','2022-01-02',10,45,14,37),
(160,'2018-05-19','2023-07-28',38,28,21,45),
(161,'2019-11-12','2023-11-02',23,34,10,33),
(162,'2021-12-11','2023-07-31',31,29,3,41),
(163,'2016-05-13','2019-05-11',36,43,1,42),
(164,'2017-10-19','2018-05-02',34,33,13,5),
(165,'2018-06-26','2021-09-12',17,29,21,31),
(166,'2017-12-17','2018-09-05',47,41,3,40),
(167,'2017-03-11','2017-03-25',22,46,24,39),
(168,'2019-08-18','2020-04-23',18,49,10,46),
(169,'2017-09-04','2017-10-06',44,44,6,35),
(170,'2019-02-10','2021-04-12',25,30,21,2),
(171,'2016-12-01','2022-12-02',28,29,13,32),
(172,'2017-08-08','2020-04-06',50,48,12,40),
(173,'2016-07-22','2023-05-07',10,45,11,47),
(174,'2020-10-18','2020-12-20',42,40,6,42),
(175,'2014-04-15','2017-07-18',48,26,8,10),
(176,'2014-12-15','2022-12-14',11,30,21,11),
(177,'2014-06-11','2015-06-23',13,37,11,37),
(178,'2017-07-21','2019-11-12',30,41,7,7),
(179,'2016-11-19','2018-02-16',24,43,22,8),
(180,'2015-04-09','2022-07-14',45,49,17,34),
(181,'2015-05-02','2020-02-05',32,31,12,17),
(182,'2014-08-11','2016-02-20',31,26,8,9),
(183,'2018-01-24','2019-08-26',15,25,7,16),
(184,'2020-11-15','2021-06-15',22,37,23,7),
(185,'2014-05-13','2022-11-04',50,26,12,22),
(186,'2014-11-23','2021-06-14',4,25,19,28),
(187,'2017-10-02','2023-09-13',32,40,16,9),
(188,'2015-03-24','2018-07-11',2,36,10,47),
(189,'2016-04-20','2019-12-03',26,26,22,38),
(190,'2013-12-24','2018-07-14',18,28,2,3),
(191,'2018-07-09','2022-05-27',12,41,3,7),
(192,'2020-09-29','2023-04-19',29,46,13,49),
(193,'2021-04-10','2021-07-09',49,26,14,12),
(194,'2016-09-06','2021-11-17',31,33,21,50),
(195,'2017-09-16','2020-05-31',45,27,24,35),
(196,'2023-01-17','2023-04-28',18,47,13,11),
(197,'2015-12-04','2021-10-04',15,40,2,33),
(198,'2018-07-30','2019-12-29',33,47,13,19),
(199,'2017-02-18','2023-11-16',11,26,3,4),
(200,'2016-08-26','2019-10-13',11,50,3,19),
(201,'2018-11-02','2021-12-05',16,25,15,31),
(202,'2014-04-07','2016-08-09',22,44,19,30),
(203,'2015-04-24','2019-07-09',15,36,18,10),
(204,'2014-06-12','2020-04-06',9,30,4,21),
(205,'2017-08-18','2023-11-24',1,40,4,46),
(206,'2016-12-10','2024-01-14',34,49,14,27),
(207,'2014-07-07','2021-12-08',50,36,11,11),
(208,'2017-06-16','2022-04-24',43,50,12,19),
(209,'2020-12-23','2022-01-19',2,42,9,34),
(210,'2016-11-14','2020-07-07',7,47,2,47),
(211,'2017-08-29','2019-11-08',39,40,3,35),
(212,'2016-12-23','2023-12-14',46,41,23,39),
(213,'2018-02-06','2019-01-11',16,34,9,1),
(214,'2016-11-20','2017-04-18',38,33,10,18),
(215,'2015-08-26','2019-08-24',41,49,6,24),
(216,'2016-08-16','2021-09-23',25,27,21,8),
(217,'2017-01-27','2022-07-09',9,36,6,14),
(218,'2021-11-01','2022-02-23',7,36,6,7),
(219,'2019-12-07','2022-11-21',40,29,8,10),
(220,'2015-01-27','2019-11-10',9,26,21,1),
(221,'2016-02-18','2021-01-26',43,40,17,6),
(222,'2016-09-28','2023-11-28',44,34,11,32),
(223,'2015-07-23','2017-10-08',34,35,18,40),
(224,'2015-11-12','2018-12-08',34,25,12,29),
(225,'2013-12-31','2021-06-08',40,46,17,19),
(226,'2018-04-06','2021-08-05',24,37,7,19),
(227,'2019-09-04','2022-06-07',21,39,12,49),
(228,'2022-02-15','2023-05-04',43,45,17,5),
(229,'2015-09-12','2018-08-11',1,38,3,9),
(230,'2015-12-01','2021-08-11',50,28,17,30),
(231,'2020-09-09','2022-03-07',9,25,22,46),
(232,'2016-06-09','2020-08-22',40,40,21,12),
(233,'2017-11-21','2020-04-14',10,35,7,48),
(234,'2019-03-09','2022-10-14',19,36,19,2),
(235,'2015-07-01','2017-01-04',38,49,7,25),
(236,'2017-01-16','2022-02-23',48,45,19,30),
(237,'2017-05-19','2018-03-19',34,39,23,29),
(238,'2014-08-02','2022-09-22',11,32,5,36),
(239,'2019-08-16','2020-08-11',43,47,21,50),
(240,'2016-04-05','2018-11-10',28,27,23,28),
(241,'2018-03-09','2023-03-07',17,45,24,10),
(242,'2020-12-14','2022-12-18',33,44,21,39),
(243,'2014-08-19','2018-11-05',6,41,11,37),
(244,'2019-01-20','2019-05-11',39,43,21,34),
(245,'2015-10-14','2018-06-28',42,34,21,31),
(246,'2014-11-07','2019-06-01',20,27,24,11),
(247,'2017-07-13','2019-08-26',8,49,21,39),
(248,'2015-08-28','2023-11-23',42,39,15,26),
(249,'2018-06-04','2021-02-21',24,25,1,47),
(250,'2014-08-02','2017-03-21',30,47,20,15),
(251,'2014-03-24','2015-04-08',46,31,19,26),
(252,'2017-11-19','2020-11-24',6,25,4,9),
(253,'2015-08-25','2022-06-07',2,40,22,18),
(254,'2016-07-15','2023-12-06',21,50,10,43),
(255,'2016-11-30','2021-09-02',6,35,7,19),
(256,'2014-04-06','2019-06-20',20,25,15,46),
(257,'2017-10-18','2019-12-18',4,46,7,11),
(258,'2016-11-21','2018-01-21',48,31,23,8),
(259,'2014-03-31','2019-12-30',25,48,6,41),
(260,'2021-12-26','2022-03-26',20,38,11,11),
(261,'2014-12-27','2021-11-08',12,46,2,15),
(262,'2020-04-13','2022-09-09',19,35,10,18),
(263,'2016-05-11','2023-12-31',12,29,22,5),
(264,'2020-08-15','2021-04-15',5,46,9,40),
(265,'2014-12-21','2016-04-28',6,35,5,50),
(266,'2015-11-01','2023-08-29',6,42,9,8),
(267,'2014-05-27','2018-03-28',22,32,9,47),
(268,'2019-08-30','2021-09-30',49,47,12,27),
(269,'2017-11-03','2022-11-23',44,39,15,36),
(270,'2015-01-07','2016-02-05',5,37,2,30),
(271,'2018-08-03','2020-10-28',35,40,3,49),
(272,'2014-08-23','2015-07-09',17,26,22,13),
(273,'2014-06-17','2014-12-06',36,30,10,1),
(274,'2015-01-09','2016-11-01',41,25,7,11),
(275,'2020-04-03','2020-07-13',21,31,14,28),
(276,'2015-01-15','2019-03-10',15,25,5,15),
(277,'2016-07-17','2017-10-21',27,32,7,32),
(278,'2018-06-18','2023-01-04',39,25,19,34),
(279,'2016-07-04','2023-11-24',28,40,8,1),
(280,'2018-11-08','2019-02-26',35,46,14,7),
(281,'2020-03-30','2022-04-20',45,30,14,16),
(282,'2016-11-29','2021-07-30',4,47,5,28),
(283,'2015-12-07','2016-09-26',24,38,23,13),
(284,'2015-10-02','2017-04-03',10,39,19,5),
(285,'2017-01-13','2020-04-16',3,41,21,23),
(286,'2019-04-21','2021-07-15',29,29,21,29),
(287,'2022-12-18','2023-09-13',47,39,24,28),
(288,'2014-01-27','2019-02-22',42,33,10,42),
(289,'2016-04-16','2023-11-09',21,25,14,27),
(290,'2019-04-07','2022-07-13',41,35,20,29),
(291,'2022-10-02','2023-03-10',39,45,9,11),
(292,'2014-01-30','2023-03-14',3,38,4,8),
(293,'2014-05-05','2015-11-15',38,44,14,14),
(294,'2019-01-21','2020-01-27',18,33,13,22),
(295,'2021-11-11','2022-04-05',7,27,22,42),
(296,'2016-04-19','2017-07-17',1,33,12,15),
(297,'2014-03-23','2015-05-31',6,26,13,21),
(298,'2017-01-11','2021-03-08',20,28,17,17),
(299,'2019-02-13','2022-09-24',27,32,17,49),
(300,'2018-12-24','2021-05-20',12,47,1,1),
(301,'2014-08-28','2022-07-25',5,25,19,37),
(302,'2015-02-06','2021-09-25',12,29,20,39),
(303,'2014-12-03','2018-05-13',12,43,7,22),
(304,'2015-08-04','2015-09-03',44,50,3,39),
(305,'2014-09-23','2018-09-22',36,29,15,33),
(306,'2014-05-14','2014-06-02',41,36,10,14),
(307,'2015-03-30','2019-09-24',12,29,17,41),
(308,'2014-10-26','2022-06-12',32,40,6,3),
(309,'2021-05-17','2023-07-25',46,25,22,7),
(310,'2017-04-09','2020-12-26',48,40,18,42),
(311,'2016-11-27','2019-07-07',11,38,17,11),
(312,'2015-02-14','2021-07-14',49,29,16,32),
(313,'2017-02-18','2018-09-23',17,48,10,31),
(314,'2018-01-22','2018-04-27',16,38,9,29),
(315,'2016-08-05','2023-07-18',50,45,3,39),
(316,'2014-10-16','2018-10-07',2,42,17,9),
(317,'2018-01-13','2018-02-05',40,45,16,40),
(318,'2021-10-15','2021-11-13',34,35,6,30),
(319,'2017-08-20','2023-10-15',16,48,15,25),
(320,'2014-04-28','2022-04-30',26,27,1,43),
(321,'2015-04-17','2017-08-06',8,39,7,24),
(322,'2017-04-27','2017-04-28',5,41,22,23),
(323,'2015-01-21','2015-10-03',30,46,22,45),
(324,'2016-05-23','2021-11-04',21,38,18,26),
(325,'2017-05-10','2023-07-13',28,41,1,37),
(326,'2016-08-12','2019-01-25',19,37,23,15),
(327,'2019-07-21','2022-01-29',11,44,3,43),
(328,'2014-02-23','2016-03-05',47,44,12,19),
(329,'2016-02-10','2022-12-01',14,37,18,49),
(330,'2017-12-21','2019-04-28',22,48,15,27),
(331,'2016-09-18','2022-05-18',10,49,23,34),
(332,'2015-11-13','2020-01-29',24,35,3,47),
(333,'2017-07-15','2023-07-26',41,28,6,44),
(334,'2017-04-09','2021-04-28',16,25,17,3),
(335,'2014-04-14','2017-03-11',32,39,23,47),
(336,'2014-07-26','2022-02-27',5,25,22,5),
(337,'2019-03-08','2022-02-08',25,28,10,38),
(338,'2017-11-17','2020-08-03',16,50,19,47),
(339,'2021-07-29','2022-08-10',46,37,12,4),
(340,'2019-01-03','2019-09-26',42,45,14,35),
(341,'2016-04-21','2017-10-01',35,43,11,24),
(342,'2014-05-20','2018-07-17',8,43,7,30),
(343,'2020-05-03','2022-05-31',24,32,2,39),
(344,'2022-05-10','2022-10-16',13,28,5,8),
(345,'2015-05-31','2020-08-20',34,46,9,50),
(346,'2023-06-04','2023-10-23',47,26,5,3),
(347,'2015-08-13','2019-10-28',17,26,18,45),
(348,'2015-03-14','2016-01-12',9,29,2,38),
(349,'2016-04-25','2017-02-05',20,40,6,31),
(350,'2021-02-01','2021-07-13',25,45,12,36),
(351,'2016-07-28','2020-04-18',46,49,12,22),
(352,'2016-12-27','2019-10-20',19,50,4,3),
(353,'2014-07-10','2019-07-28',19,28,1,19),
(354,'2017-06-13','2018-08-03',41,36,6,31),
(355,'2018-04-20','2020-12-01',29,35,23,32),
(356,'2021-09-29','2023-12-07',9,32,11,35),
(357,'2014-08-01','2019-01-29',29,45,8,21),
(358,'2017-12-21','2021-10-06',40,48,17,27),
(359,'2015-08-20','2015-10-26',9,30,3,8),
(360,'2014-12-09','2020-12-02',8,34,3,13),
(361,'2018-08-18','2022-11-05',46,25,19,8),
(362,'2021-01-04','2023-09-13',43,39,8,21),
(363,'2017-09-23','2022-11-07',28,36,15,35),
(364,'2016-12-17','2022-09-27',5,26,13,38),
(365,'2014-11-18','2020-05-06',15,50,1,30),
(366,'2014-05-31','2018-11-24',17,50,20,33),
(367,'2022-05-21','2023-03-14',28,34,19,18),
(368,'2018-01-31','2022-06-25',41,31,5,2),
(369,'2015-05-04','2020-11-26',45,28,24,11),
(370,'2020-10-25','2021-02-09',39,31,21,34),
(371,'2019-09-04','2019-12-05',14,35,4,2),
(372,'2015-12-21','2017-03-30',49,26,17,17),
(373,'2016-08-28','2023-11-26',33,38,20,38),
(374,'2015-10-30','2021-11-08',38,26,4,34),
(375,'2016-02-27','2021-07-03',14,37,14,27),
(376,'2019-11-11','2020-09-03',31,27,17,11),
(377,'2019-09-09','2023-05-17',6,47,3,26),
(378,'2017-08-09','2017-10-10',4,40,4,31),
(379,'2016-09-27','2022-10-10',7,46,20,22),
(380,'2020-01-11','2023-09-02',46,44,19,2),
(381,'2016-08-20','2016-12-17',13,30,4,31),
(382,'2014-06-13','2019-09-27',37,35,7,6),
(383,'2018-08-14','2023-05-24',38,50,19,43),
(384,'2014-04-24','2023-05-10',12,38,5,49),
(385,'2020-05-18','2020-10-06',14,49,1,20),
(386,'2019-03-12','2021-11-22',17,46,16,46),
(387,'2014-03-02','2016-10-16',49,30,5,14),
(388,'2018-01-24','2023-05-24',28,49,14,44),
(389,'2016-12-23','2017-02-26',17,48,1,1),
(390,'2017-03-10','2021-07-31',36,30,21,46),
(391,'2013-12-26','2016-06-10',32,46,4,19),
(392,'2016-05-25','2019-06-13',15,25,10,40),
(393,'2021-02-06','2022-06-09',11,36,6,6),
(394,'2021-08-10','2023-09-01',47,46,12,6),
(395,'2018-02-24','2023-01-02',31,29,17,9),
(396,'2021-07-01','2023-10-05',32,36,20,40),
(397,'2020-09-26','2023-09-19',2,39,15,14),
(398,'2017-10-19','2022-05-19',42,46,13,9),
(399,'2019-12-22','2022-04-04',5,28,6,7),
(400,'2016-08-20','2022-12-27',30,42,23,3),
(401,'2018-04-06','2020-10-01',45,43,19,3),
(402,'2015-09-25','2018-01-19',6,49,19,47),
(403,'2019-08-27','2021-05-06',42,37,8,12),
(404,'2015-01-24','2016-02-02',13,43,15,10),
(405,'2014-11-21','2015-03-06',6,46,15,21),
(406,'2015-10-13','2019-01-06',15,33,5,13),
(407,'2020-02-02','2020-05-29',27,36,2,43),
(408,'2018-11-12','2023-09-08',1,39,16,38),
(409,'2017-09-02','2022-02-17',15,40,10,37),
(410,'2017-07-20','2020-04-07',36,31,2,43),
(411,'2015-01-17','2018-01-16',11,32,5,16),
(412,'2016-08-29','2019-06-15',43,50,2,42),
(413,'2015-09-22','2020-09-22',45,44,14,42),
(414,'2014-05-07','2017-10-05',2,44,15,5),
(415,'2016-07-30','2020-09-08',15,35,11,49),
(416,'2017-04-18','2023-09-15',49,48,13,7),
(417,'2016-09-05','2022-03-03',4,34,2,4),
(418,'2017-01-30','2021-07-08',41,47,1,30),
(419,'2020-09-03','2023-01-18',11,50,1,2),
(420,'2015-04-07','2022-09-29',40,29,8,12),
(421,'2022-01-27','2023-01-29',24,29,19,4),
(422,'2020-06-24','2023-10-30',11,34,14,36),
(423,'2014-02-21','2015-10-06',21,37,2,39),
(424,'2018-08-17','2021-01-26',10,41,6,28),
(425,'2018-03-23','2019-04-01',10,39,13,3),
(426,'2015-08-12','2022-08-22',32,35,9,45),
(427,'2021-02-25','2022-11-13',29,27,7,33),
(428,'2017-04-05','2022-02-07',27,33,15,5),
(429,'2020-04-18','2022-12-19',18,42,9,1),
(430,'2021-07-18','2023-12-12',38,34,9,7),
(431,'2018-08-05','2021-03-14',22,38,6,50),
(432,'2017-03-24','2020-03-09',20,48,13,29),
(433,'2019-03-03','2019-11-09',24,39,14,23),
(434,'2017-06-30','2019-11-26',21,46,20,16),
(435,'2021-03-24','2023-06-23',4,32,21,38),
(436,'2014-09-11','2021-06-25',15,40,15,16),
(437,'2016-08-15','2020-05-20',20,29,14,44),
(438,'2016-12-28','2019-11-06',46,49,10,29),
(439,'2014-10-24','2016-06-08',13,39,2,33),
(440,'2014-06-05','2019-11-19',5,30,8,18),
(441,'2015-11-04','2021-02-15',8,26,7,20),
(442,'2020-10-14','2020-12-18',7,33,15,48),
(443,'2014-01-13','2023-11-14',39,47,18,19),
(444,'2021-10-06','2023-10-14',13,28,11,33),
(445,'2018-04-09','2019-04-14',2,34,19,11),
(446,'2019-12-01','2020-02-29',18,26,21,12),
(447,'2022-05-29','2023-07-24',24,40,14,15),
(448,'2015-04-22','2017-07-30',45,30,3,39),
(449,'2019-05-25','2021-10-10',12,49,23,43),
(450,'2018-03-05','2018-10-30',7,39,13,27),
(451,'2014-08-19','2017-05-13',46,41,17,17),
(452,'2014-01-13','2021-01-19',5,48,14,6),
(453,'2018-03-15','2019-10-21',7,49,22,32),
(454,'2014-07-16','2015-11-22',38,40,15,33),
(455,'2018-07-17','2020-07-27',41,31,23,30),
(456,'2015-12-17','2023-04-17',33,26,14,43),
(457,'2020-05-30','2020-08-16',8,46,23,37),
(458,'2015-01-30','2018-03-04',32,50,12,31),
(459,'2019-12-02','2023-03-28',38,32,15,29),
(460,'2014-06-09','2019-01-31',30,48,10,37),
(461,'2016-12-01','2023-07-15',26,46,8,22),
(462,'2019-11-05','2023-10-08',27,49,8,43),
(463,'2015-03-23','2015-06-28',26,30,12,15),
(464,'2019-07-23','2020-03-10',5,43,22,38),
(465,'2017-02-05','2019-11-25',19,31,24,27),
(466,'2016-01-29','2021-02-04',4,32,3,36),
(467,'2019-11-25','2023-06-30',19,39,20,12),
(468,'2015-12-22','2023-09-11',49,46,6,34),
(469,'2016-01-10','2019-05-18',3,49,1,40),
(470,'2014-12-11','2023-07-09',2,50,2,37),
(471,'2016-07-22','2017-09-04',1,29,18,44),
(472,'2019-09-18','2023-05-10',31,32,4,12),
(473,'2014-08-01','2020-03-18',38,44,18,35),
(474,'2018-09-01','2019-05-03',24,34,21,42),
(475,'2017-04-01','2018-09-27',37,29,16,40),
(476,'2016-01-13','2023-11-04',50,31,16,30),
(477,'2018-02-16','2020-02-09',6,26,6,36),
(478,'2021-08-17','2023-01-22',49,37,14,48),
(479,'2014-06-29','2023-01-13',11,27,22,9),
(480,'2016-06-11','2017-02-01',50,48,15,7),
(481,'2017-02-12','2022-12-22',2,50,18,27),
(482,'2017-08-13','2018-02-22',39,30,5,42),
(483,'2018-07-26','2019-06-28',31,41,7,21),
(484,'2016-07-19','2017-12-09',38,28,13,7),
(485,'2021-10-30','2023-06-18',6,25,17,8),
(486,'2019-12-01','2023-02-27',21,48,17,37),
(487,'2017-01-12','2023-09-16',41,34,6,32),
(488,'2014-09-10','2016-08-07',44,40,2,50),
(489,'2021-07-22','2021-08-03',50,48,10,19),
(490,'2016-05-17','2019-01-12',38,35,14,18),
(491,'2020-05-15','2020-05-15',5,36,20,29),
(492,'2015-01-23','2018-01-31',44,26,4,47),
(493,'2016-08-29','2018-09-30',24,29,16,11),
(494,'2014-04-28','2023-09-20',29,48,5,27),
(495,'2015-06-28','2016-11-30',1,29,15,38),
(496,'2018-01-30','2023-04-17',20,44,15,6),
(497,'2013-12-25','2019-05-20',42,26,10,4),
(498,'2014-03-21','2015-07-07',8,39,13,40),
(499,'2014-03-21','2021-09-12',24,46,3,30),
(500,'2018-09-08','2021-02-13',9,46,8,38);

INSERT INTO materiaprima_fornecedor (id_materiaPrima, id_fornecedor) VALUES
(1,4),
(2,2),
(3,1),
(4,5),
(5,3),
(6,2),
(7,4),
(8,1),
(9,3),
(10,5),
(11,4),
(12,2),
(13,5),
(14,3),
(15,1),
(16,4),
(17,5),
(18,2),
(19,3),
(20,2),
(21,5),
(22,1),
(23,3),
(24,4),
(25,2),
(26,1),
(27,4),
(28,3),
(29,1),
(30,2),
(31,4),
(32,1),
(33,3),
(34,5),
(35,1),
(36,4),
(37,5),
(38,2),
(39,3),
(40,1),
(41,4),
(42,2),
(43,3),
(44,4),
(45,5),
(46,5),
(47,1),
(48,5),
(49,2),
(50,3),
(17,1),
(45,1),
(48,1),
(36,2),
(24,2),
(7,2),
(9,5),
(39,5),
(43,5),
(18,3),
(20,3),
(25,3),
(47,4),
(32,4),
(8,4),
(49,5),
(14,1),
(43,1);

INSERT INTO materiaprima_produto (id_produto,id_materiaPrima) VALUES
(1,3),
(1,14),
(1,27),
(2,6),
(2,21),
(2,38),
(3,9),
(3,28),
(3,42),
(4,12),
(4,35),
(4,49),
(5,15),
(5,42),
(5,7),
(6,18),
(6,24),
(6,39),
(7,21),
(7,31),
(7,45),
(8,24),
(8,8),
(8,47),
(9,27),
(9,15),
(9,33),
(10,30),
(10,49),
(10,13),
(11,33),
(11,23),
(11,41),
(12,36),
(12,38),
(12,17),
(13,39),
(13,2),
(13,26),
(14,42),
(14,44),
(14,9),
(15,45),
(15,10),
(15,30),
(16,48),
(16,47),
(16,1),
(17,3),
(17,19),
(17,22),
(18,6),
(18,46),
(18,36),
(19,9),
(19,16),
(19,19),
(20,12),
(20,5),
(20,25),
(1,38),
(2,5),
(4,42),
(5,6),
(7,27),
(8,33),
(10,15),
(11,16),
(12,39),
(13,47),
(14,2),
(16,1),
(18,22),
(19,6),
(20,30);
